ID;Title;Year;Age;IMDb;Rotten Tomatoes;Netflix;Hulu;Prime Video;Disney+;Type
1;Breaking Bad;2008;18+;9,4;100;1;0;0;0;1
2;Stranger Things;2016;16+;8,7;96;1;0;0;0;1
3;Attack on Titan;2013;18+;9;95;1;1;0;0;1
4;Better Call Saul;2015;18+;8,8;94;1;0;0;0;1
5;Dark;2017;16+;8,8;93;1;0;0;0;1
6;Avatar: The Last Airbender;2005;7+;9,3;93;1;0;1;0;1
7;Peaky Blinders;2013;18+;8,8;93;1;0;0;0;1
8;The Walking Dead;2010;18+;8,2;93;1;0;0;0;1
9;Black Mirror;2011;18+;8,8;92;1;0;0;0;1
10;The Queen's Gambit;2020;18+;8,6;92;1;0;0;0;1
11;Mindhunter;2017;18+;8,6;90;1;0;0;0;1
12;Community;2009;7+;8,5;90;1;1;1;0;1
13;Narcos;2015;18+;8,8;90;1;0;0;0;1
14;Shameless;2011;18+;8,5;90;1;1;1;0;1
15;Money Heist;2017;18+;8,3;90;1;0;0;0;1
16;Marvel's Daredevil;2015;18+;8,6;90;1;0;0;0;1
17;Lucifer;2016;16+;8,1;90;1;0;0;0;1
18;Supernatural;2005;16+;8,4;89;1;0;0;0;1
19;The Witcher;2019;18+;8,2;89;1;0;0;0;1
20;Ozark;2017;18+;8,4;89;1;0;0;0;1
21;The Crown;2016;18+;8,6;89;1;0;0;0;1
22;Cobra Kai;2018;16+;8,6;89;1;0;0;0;1
23;The Blacklist;2013;16+;8;88;1;0;0;0;1
24;The Flash;2014;16+;7,6;88;1;0;0;0;1
25;Outlander;2014;18+;8,4;88;1;0;0;0;1
26;Fullmetal Alchemist: Brotherhood;2009;16+;9,1;88;1;1;0;0;1
27;The Good Place;2016;16+;8,2;88;1;0;0;0;1
28;House of Cards;2013;18+;8,7;88;1;0;0;0;1
29;Atypical;2017;16+;8,3;88;1;0;0;0;1
30;Grey's Anatomy;2005;16+;7,5;87;1;1;0;0;1
31;Arrested Development;2003;16+;8,7;87;1;1;0;0;1
32;Lupin;2021;18+;7,5;87;1;0;0;0;1
33;The Umbrella Academy;2019;16+;8;87;1;0;0;0;1
34;Orange Is the New Black;2013;18+;8;87;1;0;0;0;1
35;The Vampire Diaries;2009;16+;7,7;86;1;0;0;0;1
36;Demon Slayer: Kimetsu no Yaiba;2019;18+;8,7;86;1;1;0;0;1
37;The Last Dance;2020;16+;9,1;86;1;0;0;0;1
38;American Horror Story;2011;18+;8;86;1;1;1;0;1
39;Elite;2018;18+;7,5;86;1;0;0;0;1
40;BoJack Horseman;2014;18+;8,7;86;1;0;0;0;1
41;Star Trek: The Next Generation;1987;7+;8,6;86;1;1;1;0;1
42;Broadchurch;2013;18+;8,4;86;1;0;0;0;1
43;The IT Crowd;2006;16+;8,5;86;1;0;0;0;1
44;When They See Us;2019;18+;8,9;86;1;0;0;0;1
45;Love, Death & Robots;2019;18+;8,5;86;1;0;0;0;1
46;Schitt's Creek;2015;16+;8,5;86;1;0;0;0;1
47;Marvel's Agents of S.H.I.E.L.D.;2013;16+;7,5;86;1;0;0;0;1
48;Never Have I Ever;2020;16+;7,9;86;1;0;0;0;1
49;The 100;2014;16+;7,6;86;1;0;0;0;1
50;American Crime Story;2016;18+;8,4;85;1;0;0;0;1
51;The Last Kingdom;2015;18+;8,4;85;1;0;0;0;1
52;The End of the F***ing World;2017;18+;8,1;85;1;0;0;0;1
53;New Girl;2011;16+;7,7;85;1;0;0;0;1
54;Penny Dreadful;2014;18+;8,2;85;1;0;1;0;1
55;One Piece;1999;7+;8,8;85;1;1;0;0;1
56;Marvel's The Punisher;2017;18+;8,5;85;1;0;0;0;1
57;Evil;2019;18+;7,7;85;1;0;0;0;1
58;YOU;2018;18+;7,7;85;1;0;0;0;1
59;Sense8;2015;18+;8,3;84;1;0;0;0;1
60;Making a Murderer;2015;16+;8,6;84;1;0;0;0;1
61;Unbelievable;2019;18+;8,4;84;1;0;0;0;1
62;Arrow;2012;16+;7,5;84;1;0;0;0;1
63;Sex Education;2019;18+;8,3;84;1;0;0;0;1
64;Marvel's Jessica Jones;2015;18+;7,9;84;1;0;0;0;1
65;Sweet Tooth;2021;16+;7,9;84;1;0;0;0;1
66;Good Girls;2018;16+;7,8;84;1;1;0;0;1
67;Death Note;2006;16+;9;84;1;1;0;0;1
68;Gilmore Girls;2000;16+;8,1;84;1;0;0;0;1
69;The Legend of Korra;2012;7+;8,4;83;1;0;0;0;1
70;How to Get Away with Murder;2014;16+;8,1;83;1;1;0;0;1
71;Master of None;2015;18+;8,3;83;1;0;0;0;1
72;Chappelle's Show;2003;18+;8,7;83;1;0;0;0;1
73;One-Punch Man;2015;7+;8,8;83;1;1;0;0;1
74;Downton Abbey;2010;16+;8,7;83;1;0;1;0;1
75;Gotham;2014;16+;7,8;83;1;0;0;0;1
76;Pose;2018;18+;8,6;83;1;0;0;0;1
77;Bodyguard;2018;18+;8,1;83;1;0;0;0;1
78;Altered Carbon;2018;18+;8;83;1;0;0;0;1
79;Ash vs Evil Dead;2015;18+;8,4;83;1;0;0;0;1
80;The Sinner;2017;16+;7,9;83;1;0;0;0;1
81;Our Planet;2019;0;9,3;82;1;0;0;0;1
82;Narcos: Mexico;2018;18+;8,4;82;1;0;0;0;1
83;Shadow and Bone;2021;16+;7,7;82;1;0;0;0;1
84;Castlevania;2017;18+;8,3;82;1;0;0;0;1
85;Star Trek;1966;7+;8,3;82;1;1;1;0;1
86;The Kominsky Method;2018;18+;8,2;82;1;0;0;0;1
87;Hunter x Hunter;2011;16+;9;82;1;1;0;0;1
88;Dead to Me;2019;18+;8;82;1;0;0;0;1
89;The Haunting of Hill House;2018;18+;8,6;82;1;0;0;0;1
90;Russian Doll;2019;18+;7,9;82;1;0;0;0;1
91;Kingdom;2019;18+;8,4;82;1;1;0;0;1
92;Neon Genesis Evangelion;1995;16+;8,5;82;1;0;0;0;1
93;Naruto;2002;7+;8,3;81;1;1;0;0;1
94;NCIS;2003;16+;7,7;81;1;0;0;0;1
95;Manifest;2018;16+;7,2;81;1;1;0;0;1
96;Halt and Catch Fire;2014;16+;8,4;81;1;0;0;0;1
97;Monty Python's Flying Circus;1969;16+;8,8;81;1;0;0;0;1
98;After Life;2019;18+;8,4;81;1;0;0;0;1
99;Riverdale;2017;16+;6,8;81;1;1;0;0;1
100;Big Mouth;2017;18+;7,9;81;1;0;0;0;1
101;I Think You Should Leave with Tim Robinson;2019;18+;7,8;81;1;0;0;0;1
102;Derry Girls;2018;16+;8,4;81;1;0;0;0;1
103;The Promised Neverland;2019;18+;8,5;81;1;1;0;0;1
104;Lost in Space;2018;7+;7,3;80;1;1;0;0;1
105;Star Trek: Deep Space Nine;1993;7+;8;80;1;1;1;0;1
106;Jane the Virgin;2014;16+;7,8;80;1;0;0;0;1
107;Godless;2017;18+;8,3;80;1;0;0;0;1
108;The OA;2016;18+;7,8;80;1;0;0;0;1
109;DC's Legends of Tomorrow;2016;16+;6,8;80;1;0;0;0;1
110;Sacred Games;2018;18+;8,6;80;1;0;0;0;1
111;iZombie;2015;16+;7,8;80;1;0;0;0;1
112;Longmire;2012;16+;8,3;80;1;0;0;0;1
113;Happy Endings;2011;16+;7,7;80;1;1;0;0;1
114;Into the Badlands;2015;16+;8;80;1;0;0;0;1
115;The Originals;2013;16+;8,2;80;1;0;0;0;1
116;Anne with an E;2017;0;8,7;80;1;0;0;0;1
117;Grace and Frankie;2015;18+;8,3;80;1;0;0;0;1
118;Chilling Adventures of Sabrina;2018;16+;7,5;80;1;0;0;0;1
119;Queen of the South;2016;16+;8;79;1;0;0;0;1
120;A Series of Unfortunate Events;2017;7+;7,8;79;1;0;0;0;1
121;Unorthodox;2020;18+;8;79;1;0;0;0;1
122;Stargate SG-1;1997;13+;8,4;79;1;1;0;0;1
123;Outer Banks;2020;18+;7,6;79;1;0;0;0;1
124;13 Reasons Why;2017;18+;7,6;79;1;0;0;0;1
125;Unbreakable Kimmy Schmidt;2015;16+;7,6;79;1;0;0;0;1
126;Marvel's Luke Cage;2016;18+;7,3;79;1;0;0;0;1
127;GLOW;2017;18+;8;79;1;0;0;0;1
128;Borgen;2010;18+;8,5;79;1;0;0;0;1
129;The 4400;2004;7+;7,3;79;1;0;0;0;1
130;Alias Grace;2017;18+;7,7;79;1;0;0;0;1
131;All American;2018;16+;7,7;79;1;0;0;0;1
132;Santa Clarita Diet;2017;18+;7,8;79;1;0;0;0;1
133;Reign;2013;16+;7,5;78;1;0;0;0;1
134;Maniac;2018;18+;7,8;78;1;0;0;0;1
135;Dark Matter;2015;18+;7,5;78;1;0;1;0;1
136;Star Trek: Voyager;1995;7+;7,8;78;1;1;1;0;1
137;Tiger King: Murder, Mayhem and Madness;2020;18+;7,6;78;1;0;0;0;1
138;Call the Midwife;2012;16+;8,4;78;1;0;0;0;1
139;Queer Eye;2018;16+;8,5;78;1;0;0;0;1
140;American Vandal;2017;16+;8,2;78;1;0;0;0;1
141;Wynonna Earp;2016;16+;7,5;78;1;0;0;0;1
142;Marvel's The Defenders;2017;18+;7,3;78;1;0;0;0;1
143;HAPPY!;2017;18+;8,2;77;1;0;0;0;1
144;Haikyu!!;2014;16+;8,7;77;1;1;0;0;1
145;Colony;2016;16+;7,4;77;1;0;0;0;1
146;Heartland;2007;7+;8,4;77;1;0;1;0;1
147;Alone;2015;16+;8,4;77;1;1;0;0;1
148;Marco Polo;2014;18+;8;77;1;0;1;0;1
149;Wild Wild Country;2018;16+;8,1;77;1;0;0;0;1
150;The Dragon Prince;2018;7+;8,4;77;1;0;0;0;1
151;Locke & Key;2020;16+;7,4;77;1;0;0;0;1
152;Love;2016;18+;7,7;77;1;0;0;0;1
153;One Day at a Time;2017;7+;8,2;77;1;0;0;0;1
154;Feel Good;2020;18+;7,5;77;1;0;0;0;1
155;Fauda;2015;16+;8,2;77;1;0;0;0;1
156;The Dark Crystal: Age of Resistance;2019;7+;8,4;77;1;0;0;0;1
157;Top Boy;2011;18+;8,4;77;1;0;0;0;1
158;I Am Not Okay with This;2020;18+;7,5;77;1;0;0;0;1
159;Supergirl;2015;16+;6,2;77;1;0;0;0;1
160;The Shannara Chronicles;2016;16+;7,2;77;1;0;0;0;1
161;Designated Survivor;2016;7+;7,5;77;1;0;0;0;1
162;Travelers;2016;16+;8,1;77;1;0;0;0;1
163;StartUp;2016;18+;7,9;77;1;0;0;0;1
164;Ripper Street;2012;18+;8,1;77;1;0;0;0;1
165;Episodes;2011;18+;7,8;77;1;0;0;0;1
166;Crazy Ex-Girlfriend;2015;16+;7,8;76;1;0;0;0;1
167;Bloodline;2015;18+;7,9;76;1;0;0;0;1
168;Black Summer;2019;18+;6,5;76;1;0;0;0;1
169;The Borgias;2011;18+;7,9;76;1;0;0;0;1
170;Glee;2009;16+;6,7;76;1;0;1;0;1
171;The Stranger;2020;18+;7,3;76;1;0;0;0;1
172;Virgin River;2019;16+;7,4;76;1;0;0;0;1
173;Lilyhammer;2012;18+;8;76;1;0;0;0;1
174;Dirty John;2018;18+;7,2;76;1;0;0;0;1
175;TURN: Washington's Spies;2014;16+;8,1;76;1;0;0;0;1
176;Star Trek: Enterprise;2001;7+;7,5;76;1;1;1;0;1
177;She-Ra and the Princesses of Power;2018;0;7,9;75;1;0;0;0;1
178;Merlin;2008;7+;7,9;75;1;1;1;0;1
179;The Magicians;2015;16+;7,6;75;1;0;0;0;1
180;Ginny & Georgia;2021;16+;7,5;75;1;0;0;0;1
181;The Spy;2019;18+;7,9;75;1;0;0;0;1
182;On My Block;2018;16+;8;75;1;0;0;0;1
183;The Movies That Made Us;2019;18+;7,8;75;1;0;0;0;1
184;Chef's Table;2015;0;8,5;75;1;0;0;0;1
185;Biohackers;2020;18+;6,8;75;1;0;0;0;1
186;The Seven Deadly Sins;2014;16+;8;75;1;0;0;0;1
187;The Keepers;2017;16+;8,1;75;1;0;0;0;1
188;F is for Family;2015;18+;8;74;1;0;0;0;1
189;The Midnight Gospel;2020;18+;8,2;74;1;0;0;0;1
190;Ragnarok;2020;18+;7,5;74;1;0;1;0;1
191;Legacies;2018;16+;7,4;74;1;0;0;0;1
192;The Order;2019;18+;6,8;74;1;0;0;0;1
193;Disenchantment;2018;16+;7,2;74;1;0;0;0;1
194;Dead Set;2008;18+;7,6;74;1;0;0;0;1
195;Dirty Money;2018;16+;8,1;74;1;0;0;0;1
196;The Staircase;2005;16+;7,9;74;1;0;0;0;1
197;Soul Eater;2008;16+;7,8;74;1;1;0;0;1
198;Into the Night;2020;18+;7,1;74;1;0;0;0;1
199;Julie and the Phantoms;2020;7+;8,5;74;1;0;0;0;1
200;Leyla ile Mecnun;2011;7+;9,1;74;1;0;0;0;1
201;Living with Yourself;2019;18+;7,2;74;1;0;0;0;1
202;Hilda;2018;7+;8,6;74;1;0;0;0;1
203;The Mechanism;2018;18+;8,4;74;1;0;0;0;1
204;ERASED;2016;16+;8,5;74;1;1;0;0;1
205;Formula 1: Drive to Survive;2019;16+;8,6;74;1;0;0;0;1
206;Don't F**k with Cats: Hunting an Internet Killer;2019;18+;8;74;1;0;0;0;1
207;Kim's Convenience;2016;16+;8,2;73;1;0;0;0;1
208;The Society;2019;18+;7,1;73;1;0;0;0;1
209;Imposters;2017;16+;7,8;73;1;0;0;0;1
210;Frequency;2016;7+;7,5;73;1;0;1;0;1
211;Wentworth;2013;18+;8,6;73;1;0;0;0;1
212;Marvel's Iron Fist;2017;18+;6,5;73;1;0;0;0;1
213;Bleach;2004;18+;8,1;73;1;1;0;0;1
214;Quantico;2015;16+;6,7;73;1;0;0;0;1
215;Shooter;2016;16+;7,5;73;1;0;0;0;1
216;PokÃ©mon;1997;7+;7,5;73;1;1;1;0;1
217;Hollywood;2020;18+;7,5;73;1;0;0;0;1
218;Madam Secretary;2014;16+;7,6;73;1;0;0;0;1
219;Last Tango in Halifax;2012;16+;8,3;73;1;0;0;0;1
220;Safe;2018;18+;7,3;73;1;1;0;0;1
221;Resurrection: Ertugrul;2014;16+;8;73;1;0;0;0;1
222;Versailles;2015;18+;7,9;73;1;0;0;0;1
223;Sex/Life;2021;18+;5,4;73;1;0;0;0;1
224;Fullmetal Alchemist;2003;16+;8,5;73;1;0;0;0;1
225;Marianne;2019;18+;7,5;73;1;0;0;0;1
226;Five Came Back;2017;16+;8,3;73;1;0;0;0;1
227;Miraculous: Tales of Ladybug & Cat Noir;2015;7+;7,7;73;1;0;0;0;1
228;Abstract: The Art of Design;2017;16+;8,4;73;1;0;0;0;1
229;Teenage Bounty Hunters;2020;18+;7,7;72;1;0;0;0;1
230;Documentary Now!;2015;18+;8,1;72;1;0;0;0;1
231;Special;2019;18+;7,6;72;1;0;0;0;1
232;JoJo's Bizarre Adventure;2012;18+;8,4;72;1;1;0;0;1
233;Manhunt;2017;16+;8,1;72;1;0;0;0;1
234;Your Lie in April;2014;7+;8,6;72;1;1;0;0;1
235;Code Geass: Lelouch of the Rebellion;2006;18+;8,7;72;1;0;0;0;1
236;Middleditch & Schwartz;2020;18+;8,6;72;1;0;0;0;1
237;Zoo;2015;16+;6,7;72;1;0;0;0;1
238;Jupiters Legacy;2021;18+;6,7;72;1;0;0;0;1
239;Ratched;2020;18+;7,3;72;1;0;0;0;1
240;Babylon Berlin;2017;18+;8,4;72;1;0;0;0;1
241;Everything Sucks!;2018;16+;7,5;72;1;0;0;0;1
242;Evil Genius;2018;18+;7,5;72;1;0;0;0;1
243;Doctor Foster;2015;16+;7,7;72;1;0;0;0;1
244;Marcella;2016;18+;7,4;72;1;0;0;0;1
245;Survivor;2000;7+;7,2;72;1;1;1;0;1
246;Derek;2013;7+;8;72;1;0;0;0;1
247;0,03;2016;18+;7,4;72;1;0;0;0;1
248;Tuca & Bertie;2019;18+;7,4;72;1;0;0;0;1
249;Parasyte -the maxim-;2014;18+;8,3;72;1;1;0;0;1
250;Last Chance U;2016;16+;8,4;71;1;0;0;0;1
251;Trailer Park Boys;2001;18+;8,5;71;1;0;0;0;1
252;Black Lightning;2018;16+;6,1;71;1;0;0;0;1
253;Chicago Med;2015;16+;7,6;71;1;1;0;0;1
254;How to Sell Drugs Online (Fast);2019;18+;7,9;71;1;0;0;0;1
255;Secret City;2016;18+;7,4;71;1;0;0;0;1
256;Dynasty;2017;16+;7,3;71;1;0;0;0;1
257;Dracula;2020;18+;6,8;71;1;0;0;0;1
258;Space Force;2020;18+;6,7;71;1;0;0;0;1
259;Pretend It's a City;2021;16+;8,1;71;1;0;0;0;1
260;Masters of the Universe: Revelation;2021;7+;4,9;71;1;0;0;0;1
261;iCarly;2007;0;6,7;71;1;0;0;0;1
262;Who Killed Sara?;2021;18+;6,4;71;1;0;0;0;1
263;Sword Art Online;2012;18+;7,6;71;1;1;0;0;1
264;Paranormal;2020;7+;8,5;71;1;0;0;0;1
265;Frontier;2016;18+;7,2;71;1;0;0;0;1
266;The Politician;2019;16+;7,5;71;1;0;0;0;1
267;Raising Dion;2019;7+;7,2;71;1;0;0;0;1
268;Food Wars! Shokugeki no Soma;2015;18+;8,2;71;1;1;0;0;1
269;Crash Landing on You;2019;16+;8,7;71;1;0;0;0;1
270;Seven Seconds;2018;18+;7,7;71;1;0;0;0;1
271;The Great British Bake Off;2010;7+;8,5;70;1;0;0;0;1
272;Wizards: Tales of Arcadia;2020;7+;8,2;70;1;0;0;0;1
273;Conversations with a Killer: The Ted Bundy Tapes;2019;18+;7,8;70;1;0;0;0;1
274;Fate: The Winx Saga;2021;18+;6,9;70;1;0;0;0;1
275;The Circle;2020;18+;7,3;70;1;0;1;0;1
276;Cheer;2020;16+;8,1;70;1;0;0;0;1
277;Hemlock Grove;2013;18+;7,1;70;1;0;0;0;1
278;Transformers: War for Cybertron: Siege;2020;16+;7,4;70;1;0;0;0;1
279;Explained;2018;16+;8;70;1;0;0;0;1
280;Messiah;2020;18+;7,6;70;1;0;0;0;1
281;Sky Rojo;2021;18+;6,5;70;1;0;0;0;1
282;Bonding;2019;18+;7,2;70;1;0;0;0;1
283;I'm Sorry;2017;7+;8;70;1;0;0;0;1
284;Katla;2021;18+;7,1;70;1;0;0;0;1
285;It's Okay to Not Be Okay;2020;16+;8,8;70;1;0;0;0;1
286;Forensic Files;1996;16+;8,8;70;1;1;1;0;1
287;Workin' Moms;2017;18+;7,6;70;1;0;0;0;1
288;The Toys That Made Us;2017;16+;8,1;70;1;0;0;0;1
289;The Devil Next Door;2019;18+;7,6;70;1;0;0;0;1
290;Kipo and the Age of Wonderbeasts;2020;7+;8,4;70;1;0;0;0;1
291;Roswell, New Mexico;2019;16+;6,2;70;1;0;0;0;1
292;Night Stalker: The Hunt For a Serial Killer;2021;18+;7,5;70;1;0;0;0;1
293;Glitch;2015;16+;7,3;70;1;0;0;0;1
294;Great Pretender;2020;18+;8;69;1;0;0;0;1
295;InuYasha;2000;16+;7,9;69;1;1;0;0;1
296;In the Dark;2019;16+;7,5;69;1;0;0;0;1
297;GHOUL;2018;18+;7,1;69;1;0;0;0;1
298;Nailed It!;2018;7+;7,4;69;1;0;0;0;1
299;Voltron: Legendary Defender;2016;7+;8,1;69;1;0;0;0;1
300;Trollhunters: Tales of Arcadia;2016;7+;8,4;69;1;0;0;0;1
301;Sweet Magnolias;2020;16+;7,4;69;1;0;0;0;1
302;Medici: Masters of Florence;2016;7+;7,9;69;1;0;0;0;1
303;Aggretsuko;2018;16+;8,1;69;1;0;0;0;1
304;Jurassic World: Camp Cretaceous;2020;7+;7,5;69;1;0;0;0;1
305;Rake;2010;16+;8,5;69;1;1;1;0;1
306;The Gift;2019;18+;7,2;69;1;1;0;0;1
307;Violet Evergarden;2018;16+;8,5;69;1;0;0;0;1
308;3Below: Tales of Arcadia;2018;7+;7,7;69;1;0;0;0;1
309;Jeffrey Epstein: Filthy Rich;2020;18+;7,1;69;1;0;0;0;1
310;Dawson's Creek;1998;7+;6,6;69;1;1;0;0;1
311;Private Practice;2007;16+;6,7;69;1;1;0;0;1
312;Beauty and the Beast;2012;7+;7;69;1;0;0;1;1
313;Daybreak;2019;18+;6,7;69;1;0;0;0;1
314;Easy;2016;18+;6,9;69;1;0;0;0;1
315;Behind Her Eyes;2021;18+;7,2;68;1;0;0;0;1
316;Collateral;2018;18+;6,8;68;1;0;0;0;1
317;Knightfall;2017;16+;6,8;68;1;0;0;0;1
318;The Confession Killer;2019;16+;7,4;68;1;0;0;0;1
319;Sophie: A Murder In West Cork;2021;18+;6,9;68;1;0;0;0;1
320;Call My Agent!;2015;16+;8,3;68;1;0;0;0;1
321;My Little Pony: Friendship Is Magic;2010;7+;7,6;68;1;1;0;0;1
322;Leah Remini: Scientology and the Aftermath;2016;16+;9;68;1;1;0;0;1
323;Containment;2016;16+;7,2;68;1;0;0;0;1
324;Z Nation;2014;16+;6,7;68;1;0;0;0;1
325;Emily in Paris;2020;18+;7;68;1;0;0;0;1
326;Victorious;2010;7+;6,9;68;1;0;0;0;1
327;Scream: The TV Series;2015;16+;7,1;68;1;0;0;0;1
328;Akame ga Kill!;2014;18+;7,8;68;1;1;0;0;1
329;Warrior Nun;2020;18+;6,9;68;1;0;0;0;1
330;Bad Blood;2017;18+;7,5;68;1;0;0;0;1
331;Young & Hungry;2014;16+;7,4;68;1;0;0;0;1
332;Caliphate;2020;18+;8,2;68;1;0;0;0;1
333;Good Witch;2015;7+;7,3;68;1;0;0;0;1
334;Gilmore Girls: A Year in the Life;2016;16+;7,6;68;1;0;0;0;1
335;Aquarius;2015;16+;7,1;68;1;0;0;0;1
336;Firefly Lane;2021;18+;7,4;67;1;0;0;0;1
337;White Gold;2017;18+;7,4;67;1;0;0;0;1
338;Hyperdrive;2019;7+;8,1;67;1;0;1;0;1
339;Ninjago: Masters of Spinjitzu;2012;0;7,2;67;1;0;1;0;1
340;BEASTARS;2019;18+;7,8;67;1;0;0;0;1
341;Kill la Kill;2013;18+;7,9;67;1;0;0;0;1
342;Down to Earth with Zac Efron;2020;7+;8,1;67;1;0;0;0;1
343;Ancient Aliens;2010;7+;7,2;67;1;1;1;0;1
344;Slasher;2016;18+;6,7;67;1;0;0;0;1
345;Time: The Kalief Browder Story;2017;16+;8,5;67;1;0;0;0;1
346;Away;2020;16+;6,6;67;1;0;0;0;1
347;No Tomorrow;2016;7+;7,3;67;1;0;0;0;1
348;Locked Up;2015;18+;8,2;67;1;0;0;0;1
349;The Frankenstein Chronicles;2015;16+;7,3;67;1;0;0;0;1
350;The Ranch;2016;16+;7,5;67;1;0;0;0;1
351;Cursed;2020;18+;5,9;67;1;0;0;0;1
352;Wu Assassins;2019;18+;6,5;67;1;0;0;0;1
353;Mr. Sunshine;2018;18+;8,8;67;1;0;0;0;1
354;The Unicorn;2019;7+;7,2;67;1;1;0;0;1
355;Anohana: The Flower We Saw That Day;2011;16+;8,2;67;1;0;0;0;1
356;The Challenge;1998;16+;7,7;67;1;1;1;0;1
357;Gypsy;2017;18+;6,8;67;1;0;0;0;1
358;Fuller House;2016;7+;6,7;67;1;0;0;0;1
359;Killer Inside: The Mind of Aaron Hernandez;2020;18+;7,4;67;1;0;0;0;1
360;RESIDENT EVIL: Infinite Darkness;2021;18+;5,8;67;1;0;0;0;1
361;1983;2018;18+;6,8;67;1;0;0;0;1
362;Wet Hot American Summer: First Day of Camp;2015;16+;7,4;67;1;0;0;0;1
363;The Baker and the Beauty;2020;16+;7,4;67;1;0;1;0;1
364;Spinning Out;2020;18+;7,6;67;1;0;0;0;1
365;Trinkets;2019;18+;7,1;67;1;0;0;0;1
366;Insatiable;2018;18+;6,5;67;1;0;0;0;1
367;The Chalet;2018;18+;7;67;1;0;0;0;1
368;We Bare Bears;2015;7+;7,9;67;1;1;0;0;1
369;Gurren Lagann;2007;16+;8,3;66;1;0;0;0;1
370;Friends from College;2017;18+;6,9;66;1;0;0;0;1
371;Jericho;2006;16+;7,3;66;1;0;0;0;1
372;Tidelands;2018;18+;7;66;1;0;0;0;1
373;Dear White People;2017;18+;6,2;66;1;1;0;0;1
374;Dare Me;2019;18+;6,7;66;1;0;0;0;1
375;Ouran High School Host Club;2006;16+;8,2;66;1;1;0;0;1
376;Scooby-Doo! Mystery Incorporated;2010;7+;8;66;1;0;0;0;1
377;The Untamed;2019;16+;9;66;1;0;0;0;1
378;Stranger;2017;18+;8,6;66;1;0;0;0;1
379;El Chapo;2017;18+;7,8;66;1;0;0;0;1
380;Great News;2017;7+;7;66;1;0;0;0;1
381;The Get Down;2016;16+;8,3;66;1;0;0;0;1
382;The Naked Director;2019;18+;7,7;66;1;0;0;0;1
383;Rise of Empires: Ottoman;2020;18+;7,9;66;1;0;0;0;1
384;Club de Cuervos;2015;18+;8,2;66;1;0;0;0;1
385;Toradora!;2008;16+;8;66;1;0;1;0;1
386;The Baby-Sitters Club;2020;7+;7,4;66;1;0;1;0;1
387;Carole & Tuesday;2019;7+;7,9;66;1;0;0;0;1
388;Van Helsing;2016;16+;6,2;66;1;0;0;0;1
389;The Night Shift;2014;16+;7,4;66;1;0;0;0;1
390;Pablo Escobar, The Drug Lord;2012;18+;8,5;66;1;0;0;0;1
391;No Game No Life;2014;16+;7,8;66;1;0;0;0;1
392;The King: Eternal Monarch;2020;16+;8,3;66;1;0;0;0;1
393;Eden;2021;7+;6,7;65;1;0;1;0;1
394;Stateless;2020;16+;7,6;65;1;0;0;0;1
395;High Score;2020;16+;7,4;65;1;0;0;0;1
396;Dash & Lily;2020;7+;8;65;1;0;0;0;1
397;The Confession Tapes;2017;16+;7,5;65;1;0;0;0;1
398;Black Butler;2008;18+;7,8;65;1;1;0;0;1
399;The Rain;2018;18+;6,3;65;1;0;0;0;1
400;Love Is Blind;2020;18+;6,1;65;1;0;1;0;1
401;Trial by Media;2020;16+;7,2;65;1;0;0;0;1
402;Wormwood;2017;16+;7;65;1;0;0;0;1
403;Fear City: New York vs The Mafia;2020;18+;7,1;65;1;0;0;0;1
404;Sorjonen;2016;18+;7,6;65;1;0;0;0;1
405;Forged in Fire;2015;7+;8,4;65;1;1;1;0;1
406;Baby;2018;18+;6,8;65;1;0;0;0;1
407;The Disastrous Life of Saiki K.;2016;16+;8,3;65;1;0;0;0;1
408;The Innocence Files;2020;18+;8;65;1;0;0;0;1
409;BNA;2020;16+;7,2;65;1;0;0;0;1
410;The Mist;2017;16+;5,4;65;1;0;0;0;1
411;Halston;2021;18+;7,5;65;1;0;1;0;1
412;Shaun the Sheep;2007;0;8,2;65;1;0;1;0;1
413;The Universe;2007;16+;8,7;65;1;0;1;0;1
414;Self Made: Inspired by the Life of Madam C.J. Walker;2020;18+;7,3;65;1;0;0;0;1
415;Shtisel;2013;16+;8,6;65;1;0;0;0;1
416;The Boss Baby: Back in Business;2018;7+;6,5;65;1;0;0;0;1
417;Puella Magi Madoka Magica;2011;16+;8,3;65;1;1;0;0;1
418;Sinatra: All or Nothing at All;2015;7+;8;65;1;0;0;0;1
419;Comedians in Cars Getting Coffee;2012;16+;8,1;65;1;0;0;0;1
420;Senora Acero;2014;16+;7,1;65;1;1;0;0;1
421;Dark Tourist;2018;18+;7,5;65;1;0;0;0;1
422;Criminal: UK;2019;18+;7,6;65;1;0;0;0;1
423;The Bureau of Magical Things;2018;7+;6,7;65;1;0;0;0;1
424;Cleverman;2016;16+;6,4;65;1;0;0;0;1
425;The Innocent Man;2018;18+;7,3;65;1;0;0;0;1
426;Norsemen;2016;18+;7,8;65;1;0;0;0;1
427;Pawn Stars;2009;7+;7,2;65;1;1;1;0;1
428;Inside Bill's Brain: Decoding Bill Gates;2019;16+;7,9;65;1;0;0;0;1
429;Damnation;2017;18+;7,7;65;1;0;0;0;1
430;From Dusk Till Dawn: The Series;2014;18+;6,9;64;1;0;0;0;1
431;Lovesick;2014;18+;8,1;64;1;0;0;0;1
432;Flint Town;2018;18+;7,9;64;1;0;0;0;1
433;Watership Down;2018;7+;7,2;64;1;0;0;0;1
434;Undercover;2019;18+;7,8;64;1;0;1;0;1
435;Rita;2012;16+;8,1;64;1;0;0;0;1
436;Dorohedoro;2020;18+;8,2;64;1;0;0;0;1
437;Maid Sama!;2010;16+;8;64;1;1;0;0;1
438;Mystery Science Theater 3000: The Return;2017;16+;8;64;1;0;0;0;1
439;Is It Wrong to Try to Pick Up Girls in a Dungeon?;2015;16+;7,4;64;1;1;0;0;1
440;Surviving R. Kelly;2019;18+;7,5;64;1;0;0;0;1
441;Saint Seiya;1986;7+;8,5;64;1;0;1;0;1
442;Flaked;2016;18+;7,2;64;1;0;0;0;1
443;Fate/Zero;2011;18+;8,3;64;1;0;0;0;1
444;Crazyhead;2016;16+;7,3;64;1;0;0;0;1
445;The Five;2016;7+;7,6;64;1;0;0;0;1
446;H2O: Just Add Water;2006;0;7,2;64;1;1;0;0;1
447;Requiem;2018;18+;6,5;64;1;0;0;0;1
448;The Valhalla Murders;2019;18+;7,1;64;1;0;0;0;1
449;Cardcaptor Sakura;1998;7+;8;64;1;0;0;0;1
450;Black Earth Rising;2018;16+;7,5;64;1;0;0;0;1
451;W/ Bob & David;2015;18+;7,4;64;1;0;0;0;1
452;The Trials of Gabriel Fernandez;2020;18+;8,1;64;1;0;0;0;1
453;She's Gotta Have It;2017;18+;6,8;64;1;0;0;0;1
454;Save Me;2018;16+;7,7;64;1;0;0;0;1
455;The Curse of Oak Island;2014;7+;7;64;1;1;0;0;1
456;Black;2017;16+;8;63;1;0;0;0;1
457;Ajin;2016;18+;7,6;63;1;0;0;0;1
458;Ink Master;2012;16+;7,4;63;1;0;0;0;1
459;Goosebumps;1995;0;7,7;63;1;0;0;0;1
460;Vampire Knight;2008;16+;7,4;63;1;1;0;0;1
461;Angel Beats!;2010;16+;7,7;63;1;0;0;0;1
462;Green Eggs and Ham;2019;7+;8,2;63;1;0;0;0;1
463;The Hollow;2018;7+;7,2;63;1;0;0;0;1
464;Dogs;2018;0;8,1;63;1;0;0;0;1
465;November 13: Attack on Paris;2018;18+;8,3;63;1;0;0;0;1
466;It's Bruno!;2019;7+;7,5;63;1;0;0;0;1
467;Wanted;2016;16+;7,7;63;1;0;0;0;1
468;Masum;2017;16+;8,4;63;1;0;0;0;1
469;Cable Girls;2017;18+;7,6;63;1;0;0;0;1
470;Lady Dynamite;2016;16+;7,4;63;1;0;0;0;1
471;Power Rangers;1993;7+;6,5;63;1;0;1;0;1
472;The Mire;2018;18+;6,9;63;1;0;0;0;1
473;Tabula Rasa;2017;18+;8;63;1;0;0;0;1
474;Clannad;2007;7+;7,9;63;1;1;0;0;1
475;Ugly Delicious;2018;18+;7,8;63;1;0;0;0;1
476;Fate/stay night [Unlimited Blade Works];2014;18+;8;63;1;1;0;0;1
477;Man with a Plan;2016;7+;7;63;1;0;0;0;1
478;Rilakkuma and Kaoru;2019;7+;8,3;63;1;0;0;0;1
479;World War II In HD Colour;2009;7+;8,7;63;1;0;0;0;1
480;Boys Over Flowers;2009;16+;7,9;63;1;1;0;0;1
481;Meteor Garden;2018;16+;8,1;63;1;0;0;0;1
482;What's New, Scooby-Doo?;2002;7+;7,3;63;1;0;0;0;1
483;Sick Note;2017;18+;6,8;63;1;0;0;0;1
484;Big Time Rush;2009;0;6,4;63;1;1;1;0;1
485;Girlboss;2017;18+;7;63;1;0;0;0;1
486;Quicksand;2019;18+;7,5;63;1;0;0;0;1
487;Rotten;2018;18+;7,2;63;1;0;0;0;1
488;The Irregulars;2021;18+;5,9;63;1;0;0;0;1
489;College Romance;2018;18+;8,8;63;1;0;0;0;1
490;Elite Short Stories: Carla Samuel;2021;18+;7;63;1;0;0;0;1
491;Bard of Blood;2019;18+;6,9;63;1;0;0;0;1
492;Charmed;2018;16+;4,6;62;1;0;0;0;1
493;The New Legends of Monkey;2018;7+;6,5;62;1;0;0;0;1
494;The Mind, Explained;2019;16+;8;62;1;0;0;0;1
495;Fast & Furious Spy Racers;2019;7+;5,5;62;1;0;0;0;1
496;Occupied;2015;16+;7,7;62;1;0;0;0;1
497;The Magic School Bus;1994;0;7,8;62;1;0;0;0;1
498;Toast of London;2013;16+;8,2;62;1;0;0;0;1
499;Patriot Act with Hasan Minhaj;2018;18+;8,3;62;1;0;0;0;1
500;Greatest Events of World War II in Colour;2019;16+;8,7;62;1;0;0;0;1
501;Offspring;2010;16+;8,3;62;1;0;0;0;1
502;Blown Away;2019;7+;7,1;62;1;0;0;0;1
503;60 Days In;2016;16+;7,7;62;1;1;1;0;1
504;Trese;2021;18+;7,1;62;1;0;0;0;1
505;Hot Girls Wanted: Turned On;2017;18+;6,6;62;1;0;0;0;1
506;The Heirs;2013;16+;7,5;62;1;0;0;0;1
507;The Curious Creations of Christine McConnell;2018;7+;7,8;62;1;0;0;0;1
508;Alexa & Katie;2018;0;7,5;62;1;0;0;0;1
509;Sailor Moon Crystal;2014;16+;8;62;1;1;0;0;1
510;La Reina del Sur;2011;18+;8;62;1;0;0;0;1
511;Pine Gap;2018;16+;7,2;62;1;0;0;0;1
512;Suburra: Blood on Rome;2017;18+;7,9;62;1;0;0;0;1
513;Taco Chronicles;2019;18+;7,9;62;1;0;0;0;1
514;She;2020;18+;6,5;62;1;0;0;0;1
515;Between;2015;16+;6;62;1;0;0;0;1
516;Velvet;2014;16+;8,1;62;1;0;0;0;1
517;Bobby Kennedy for President;2018;16+;8,2;62;1;0;0;0;1
518;Durarara!!;2010;16+;7,9;62;1;1;0;0;1
519;Hostages;2013;16+;6,7;62;1;0;0;0;1
520;Rhythm + Flow;2019;18+;7,7;62;1;0;0;0;1
521;Blue Exorcist;2011;16+;7,4;62;1;1;0;0;1
522;L.A.'s Finest;2019;16+;6;62;1;0;0;0;1
523;Thomas & Friends;1984;0;6,6;62;1;0;1;0;1
524;The Protector;2018;18+;6,7;61;1;0;0;0;1
525;Unsolved Mysteries;1987;7+;8,2;61;1;1;1;0;1
526;Too Hot to Handle;2020;18+;4,6;61;1;0;0;0;1
527;Are You The One?;2014;16+;6,5;61;1;1;0;0;1
528;Little Things;2016;18+;8,3;61;1;0;0;0;1
529;Still Game;2002;16+;8,8;61;1;0;0;0;1
530;Transformers: Prime;2010;7+;7,9;61;1;0;0;0;1
531;Henry Danger;2014;0;5,7;61;1;0;0;0;1
532;Tidying Up with Marie Kondo;2019;7+;6,6;61;1;0;0;0;1
533;Nightflyers;2018;18+;5,9;61;1;0;0;0;1
534;Love 101;2020;18+;7,5;61;1;0;0;0;1
535;Car Masters: Rust to Riches;2018;7+;8,8;61;1;0;0;0;1
536;WHAT / IF;2019;18+;6,3;61;1;0;0;0;1
537;Total Drama Island;2007;7+;7,2;61;1;0;0;0;1
538;Roman Empire;2016;16+;7;61;1;0;0;0;1
539;Deadwind;2018;18+;7,2;61;1;0;0;0;1
540;People Just Do Nothing;2014;18+;8,5;61;1;0;0;0;1
541;B: The Beginning;2018;18+;7,2;61;1;0;0;0;1
542;Somebody Feed Phil;2018;16+;8,2;61;1;0;0;0;1
543;Girl from Nowhere;2018;18+;7,7;61;1;0;0;0;1
544;Cocaine Coast;2018;18+;7,9;61;1;0;0;0;1
545;The Liberator;2020;7+;7,6;61;1;0;0;0;1
546;The Irregular at Magic High School;2014;16+;7,2;61;1;0;0;0;1
547;Hap and Leonard;2016;18+;7,7;61;1;0;0;0;1
548;Dark Desire;2020;18+;6,5;61;1;0;0;0;1
549;Seis Manos;2019;18+;7,2;61;1;0;0;0;1
550;Control Z;2020;18+;6,9;61;1;0;0;0;1
551;The House of Flowers;2018;18+;7,6;61;1;0;0;0;1
552;America's Next Top Model;2003;7+;5,5;61;1;1;1;0;1
553;Tribes of Europa;2021;18+;6,8;61;1;0;0;0;1
554;Somos.;2021;18+;7,2;61;1;0;0;0;1
555;The Great Heist;2020;18+;7,3;61;1;0;0;0;1
556;The One;2021;18+;6,6;61;1;0;0;0;1
557;Carmen Sandiego;2019;7+;7,9;61;1;0;0;0;1
558;The Chef Show;2019;18+;8,2;61;1;0;0;0;1
559;Traitors;2019;18+;6,6;61;1;0;0;0;1
560;Wet Hot American Summer: Ten Years Later;2017;16+;6,9;61;1;0;0;0;1
561;The Neighbor;2019;18+;6,6;60;1;0;0;0;1
562;Billy on the Street;2011;16+;7,8;60;1;1;0;0;1
563;October Faction;2020;18+;6,2;60;1;0;0;0;1
564;Start-Up;2020;16+;8,1;60;1;0;0;0;1
565;Night on Earth;2020;7+;8,2;60;1;0;0;0;1
566;DOTA: Dragon's Blood;2021;18+;8;60;1;0;0;0;1
567;The Break;2016;18+;7,6;60;1;0;0;0;1
568;The Letter for the King;2020;7+;5,9;60;1;0;0;0;1
569;Osmosis;2019;16+;5,9;60;1;0;0;0;1
570;Another Life;2019;18+;5;60;1;0;0;0;1
571;Ju-On: Origins;2020;18+;6,1;60;1;0;0;0;1
572;Diagnosis;2019;18+;7,7;60;1;0;0;0;1
573;The Eddy;2020;18+;7,2;60;1;0;0;0;1
574;Magi;2012;16+;7,8;60;1;1;0;0;1
575;Elite Short Stories: GuzmÃ¡n Caye Rebe;2021;18+;7,5;60;1;0;0;0;1
576;Memories of the Alhambra;2018;16+;7,8;60;1;0;0;0;1
577;Pacific Rim: The Black;2021;16+;7,1;60;1;0;0;0;1
578;V Wars;2019;18+;6,1;60;1;0;0;0;1
579;The Windsors;2016;18+;7,1;60;1;0;0;0;1
580;The Sons of Sam: A Descent Into Darkness;2021;18+;7;60;1;0;0;0;1
581;Sunderland 'Til I Die;2018;18+;8,1;60;1;0;0;0;1
582;Rebellion;2016;16+;7,2;60;1;0;0;0;1
583;The A List;2018;7+;5,5;60;1;0;0;0;1
584;Tales of the City;2019;16+;7,4;60;1;0;0;0;1
585;Disjointed;2017;18+;6,8;60;1;0;0;0;1
586;Gentefied;2020;16+;7,4;60;1;0;0;0;1
587;Wanderlust;2018;16+;7,1;60;1;0;0;0;1
588;Murder Among the Mormons;2021;16+;7;60;1;0;0;0;1
589;Home for Christmas;2019;18+;7,7;60;1;0;0;0;1
590;Paradise PD;2018;18+;6,9;60;1;0;0;0;1
591;The Bachelorette;2003;16+;3,4;60;1;1;0;0;1
592;Cold Case Files;1999;18+;8,1;60;1;1;1;0;1
593;Little Witch Academia;2017;7+;7,9;60;1;0;0;0;1
594;El marginal;2016;18+;8,2;60;1;0;0;0;1
595;Teasing Master Takagi-san;2018;7+;7,7;60;1;0;0;0;1
596;Kakegurui;2017;16+;7,2;60;1;0;0;0;1
597;Attenborough's Life in Colour;2021;7+;8,3;60;1;0;0;0;1
598;Mortel;2019;18+;6,6;60;1;0;0;0;1
599;Kath & Kim;2002;7+;8,3;60;1;0;0;0;1
600;CharitÃ©;2017;7+;7,9;59;1;0;0;0;1
601;Hoarders;2009;7+;6,4;59;1;1;0;0;1
602;Unsolved: The Murders of Tupac and The Notorious B.I.G.;2018;18+;7,9;59;1;0;0;0;1
603;My Next Guest Needs No Introduction With David Letterman;2018;18+;7,9;59;1;0;0;0;1
604;Record of Ragnarok;2021;18+;6,2;59;1;0;0;0;1
605;White Lines;2020;18+;6,6;59;1;0;0;0;1
606;Luis Miguel: The Series;2018;16+;8;59;1;0;0;0;1
607;Love, Chunibyo & Other Delusions;2012;16+;7,4;59;1;0;0;0;1
608;Kabaneri of the Iron Fortress;2016;18+;7,2;59;1;0;0;0;1
609;Sister, Sister;1994;7+;6,3;59;1;1;0;0;1
610;Greenhouse Academy;2017;7+;6,9;59;1;0;0;0;1
611;Mr. Iglesias;2019;16+;7,1;59;1;0;0;0;1
612;Hip Hop Evolution;2016;16+;8,4;59;1;0;0;0;1
613;The Game;2006;16+;6,7;59;1;1;1;0;1
614;Love on the Spectrum;2019;0;8,5;59;1;0;0;0;1
615;Greenleaf;2016;18+;7,4;59;1;0;0;0;1
616;The Final Table;2018;0;7,7;59;1;0;0;0;1
617;Life Sentence;2018;16+;6,6;59;1;0;0;0;1
618;Dogs of Berlin;2018;16+;7,6;59;1;0;0;0;1
619;Yasuke;2021;18+;6,2;59;1;0;0;0;1
620;Playing with Fire;2019;18+;5,9;59;1;1;0;0;1
621;Hello, My Twenties!;2016;16+;8,3;59;1;0;0;0;1
622;Sam & Cat;2013;7+;5,7;59;1;0;0;0;1
623;Girls from Ipanema;2019;16+;7,9;59;1;0;0;0;1
624;Elite Short Stories: Omar Ander Alexis;2021;18+;7,4;59;1;0;0;0;1
625;MEGALOBOX;2018;16+;7,8;59;1;1;0;0;1
626;K-ON!;2009;16+;7,7;59;1;1;0;0;1
627;The Family;2019;16+;6,4;59;1;0;0;0;1
628;The Good Cop;2018;16+;7,1;58;1;0;0;0;1
629;This is a Robbery: The World's Biggest Art Heist;2021;18+;6,4;58;1;0;0;0;1
630;Chambers;2019;16+;6,5;58;1;0;0;0;1
631;Selena: The Series;2020;7+;6,8;58;1;0;0;0;1
632;BAKI;2018;18+;6,7;58;1;0;0;0;1
633;Cells at Work!;2018;16+;7,6;58;1;0;0;0;1
634;Reckoning;2019;18+;6,6;58;1;0;0;0;1
635;Queen Sono;2020;18+;5,9;58;1;0;0;0;1
636;WWII in HD;2009;18+;8,7;58;1;0;0;0;1
637;I Am a Killer;2018;18+;7,4;58;1;0;0;0;1
638;One of Us;2016;18+;7;58;1;0;0;0;1
639;Cuckoo;2012;16+;7,2;58;1;0;0;0;1
640;March Comes in Like a Lion;2016;7+;8,4;58;1;0;0;0;1
641;BÃ¶rÃ¼;2018;18+;8,2;58;1;0;0;0;1
642;Elize Matsunaga: Once Upon a Crime;2021;18+;5,8;58;1;0;0;0;1
643;Invisible City;2021;0;7,4;58;1;0;0;0;1
644;High Seas;2019;16+;6,8;58;1;0;0;0;1
645;Man Down;2013;18+;7,6;58;1;0;0;0;1
646;Degrassi: Next Class;2016;7+;6,9;58;1;0;0;0;1
647;The Woods;2020;18+;6,5;58;1;0;0;0;1
648;Godzilla Singular Point;2021;16+;6,6;58;1;0;0;0;1
649;My Babysitter's a Vampire;2011;7+;7,1;58;1;0;0;0;1
650;Typewriter;2019;18+;6,5;57;1;0;0;0;1
651;Sonic X;2003;16+;6,2;57;1;1;1;0;1
652;Monthly Girls' Nozaki-kun;2014;7+;7,6;57;1;0;0;0;1
653;History of Swear Words;2021;18+;6,4;57;1;0;0;0;1
654;Dolly Parton's Heartstrings;2019;16+;7,6;57;1;0;0;0;1
655;Last Chance U: Basketball;2021;18+;8,4;57;1;0;0;0;1
656;The Next Step;2013;0;6,2;57;1;0;0;0;1
657;Midnight Diner: Tokyo Stories;2016;16+;8,4;57;1;0;0;0;1
658;Immigration Nation;2020;16+;7,4;57;1;0;0;0;1
659;The Barrier;2020;16+;6,8;57;1;0;0;0;1
660;Cannon Busters;2019;18+;6,8;57;1;0;0;0;1
661;Something in the Rain;2018;7+;8,1;57;1;0;0;0;1
662;Haters Back Off;2016;7+;6;57;1;0;0;0;1
663;Young Wallander;2020;18+;6,8;57;1;0;0;0;1
664;Toy Boy;2019;18+;6,4;57;1;0;0;0;1
665;Jack Whitehall: Travels with My Father;2017;18+;7,7;57;1;0;0;0;1
666;Sofia the First;2013;0;6,9;57;1;0;0;0;1
667;The Joel McHale Show with Joel McHale;2018;18+;7,2;57;1;0;0;0;1
668;America's Book of Secrets;2012;7+;6,8;57;1;1;0;0;1
669;Kiss Me First;2018;18+;6,3;57;1;0;0;0;1
670;A Very Secret Service;2015;18+;7,8;57;1;0;0;0;1
671;Scissor Seven;2018;7+;8,3;57;1;0;0;0;1
672;Summertime;2020;18+;5,5;57;1;1;0;0;1
673;The K2;2016;16+;7,8;57;1;0;0;0;1
674;The King's Avatar;2017;7+;7,7;57;1;0;0;0;1
675;The Twelve;2019;16+;7,5;57;1;0;0;0;1
676;Vanished 46;2016;16+;8,4;57;1;0;0;0;1
677;Valor;2017;16+;6;57;1;0;0;0;1
678;Northern Rescue;2019;16+;7,1;57;1;0;0;0;1
679;Equinox;2020;18+;6,1;57;1;0;0;0;1
680;Oggy and the Cockroaches;1999;0;7,3;57;1;0;0;0;1
681;Code Lyoko;2003;7+;7,3;57;1;0;0;0;1
682;Champions;2018;16+;6,1;57;1;1;0;0;1
683;Winx Club;2004;0;6,2;57;1;0;0;0;1
684;Dragons: Race to the Edge;2015;7+;8,3;57;1;0;0;0;1
685;Vexed;2010;7+;7,3;56;1;0;0;0;1
686;Family Business;2019;16+;7,4;56;1;0;0;0;1
687;BUNK'D;2015;0;5,4;56;1;0;0;0;1
688;Cathedral of the Sea;2018;16+;7,5;56;1;0;0;0;1
689;History 101;2020;7+;6,8;56;1;0;0;0;1
690;Cooked;2016;7+;8,1;56;1;0;0;0;1
691;Monarca;2019;18+;7,9;56;1;0;0;0;1
692;Indian Matchmaking;2020;16+;6,2;56;1;0;0;0;1
693;Perfume;2018;18+;7,1;56;1;0;0;0;1
694;Avlu;2018;18+;7,2;56;1;0;0;0;1
695;Wild District;2018;18+;8,3;56;1;0;0;0;1
696;Magic for Humans;2018;16+;7,2;56;1;0;0;0;1
697;50M2;2021;18+;7;56;1;0;0;0;1
698;Mako Mermaids: An H2O Adventure;2013;0;6,8;56;1;0;0;0;1
699;Extracurricular;2020;18+;7,7;56;1;0;0;0;1
700;Tunnel;2017;16+;8,3;56;1;0;0;0;1
701;Marseille;2016;18+;6,9;56;1;0;0;0;1
702;Elite Short Stories: Nadia GuzmÃ¡n;2021;18+;6,4;56;1;0;0;0;1
703;The Rise of Phoenixes;2018;7+;8,6;56;1;0;0;0;1
704;Wakfu;2008;7+;8,2;56;1;0;0;0;1
705;How to Fix a Drug Scandal;2020;18+;7;56;1;0;0;0;1
706;Betaal;2020;18+;5,4;56;1;0;0;0;1
707;Sin Senos SÃ­ Hay ParaÃ­so;2016;16+;6,7;56;1;0;0;0;1
708;Japan Sinks: 2020;2020;18+;6,4;56;1;0;0;0;1
709;Girlfriends;2000;7+;7,2;56;1;0;0;0;1
710;Mobile Suit Gundam: Iron-Blooded Orphans;2015;18+;7,9;56;1;0;0;0;1
711;Curon;2020;18+;5,8;56;1;0;0;0;1
712;The Method;2015;18+;7,4;56;1;0;0;0;1
713;Amend: The Fight for America;2021;18+;7,9;56;1;0;0;0;1
714;The Crew;2021;16+;6,6;56;1;0;0;0;1
715;Sex Explained;2020;18+;6,9;56;1;0;0;0;1
716;Unauthorized Living;2018;18+;7,5;56;1;0;0;0;1
717;James Acaster: Repertoire;2018;18+;8,5;56;1;0;0;0;1
718;Blood & Water;2020;18+;6,4;56;1;0;0;0;1
719;Adventures of Sonic the Hedgehog;1993;7+;6,2;55;1;0;0;0;1
720;Rust Valley Restorers;2018;16+;7,8;55;1;0;0;0;1
721;Immortals;2018;7+;5,3;55;1;0;0;0;1
722;Cheese in the Trap;2016;16+;7,4;55;1;0;0;0;1
723;Terrace House: Boys & Girls in the City;2015;7+;8,1;55;1;0;0;0;1
724;My Secret Romance;2017;16+;7,1;55;1;0;0;0;1
725;Marlon;2017;7+;7,1;55;1;1;0;0;1
726;The Bonfire of Destiny;2019;16+;7,7;55;1;0;0;0;1
727;100 Days My Prince;2018;16+;7,7;55;1;0;0;0;1
728;Let's Eat;2013;16+;7,7;55;1;0;0;0;1
729;Kung Fu Panda: Legends of Awesomeness;2011;7+;6,8;55;1;0;0;0;1
730;PJ Masks;2015;0;5,5;55;1;0;0;1;1
731;Incomplete Life;2014;16+;8,6;55;1;0;0;0;1
732;When Heroes Fly;2018;7+;7,2;55;1;0;0;0;1
733;The Last O.G.;2018;7+;6,9;55;1;0;0;0;1
734;DC Super Hero Girls;2019;7+;7,1;55;1;0;0;0;1
735;Wheel of Fortune;1983;0;6,7;55;1;0;0;0;1
736;Chelsea Does;2016;18+;7,2;55;1;0;0;0;1
737;Girlfriends' Guide to Divorce;2014;16+;6,9;55;1;0;0;0;1
738;Daniel Sloss: Live Shows;2018;18+;8,6;55;1;0;0;0;1
739;Case;2015;16+;7,1;55;1;0;0;0;1
740;Always a Witch;2019;16+;6,2;55;1;0;0;0;1
741;The Boulet Brothers' Dragula;2016;18+;7,9;55;1;0;0;0;1
742;Lovestruck in the City;2020;16+;7,8;55;1;0;0;0;1
743;Bitter Daisies;2018;18+;7,2;55;1;0;0;0;1
744;Selection Day;2018;16+;7,4;55;1;0;0;0;1
745;Bring It On, Ghost;2016;16+;7,6;55;1;0;0;0;1
746;(The Hook Up Plan);2018;16+;7,2;55;1;0;0;0;1
747;Because This Is My First Life;2017;16+;8,1;55;1;0;0;0;1
748;Medal of Honor;2018;16+;8,4;55;1;0;1;0;1
749;Coronavirus, Explained;2020;7+;7,6;55;1;0;0;0;1
750;Teen Mom 2;2011;7+;4,3;55;1;0;1;0;1
751;Kantaro: The Sweet Tooth Salaryman;2017;7+;7,5;55;1;0;0;0;1
752;Al Hayba;2017;7+;7,4;55;1;0;0;0;1
753;Somewhere Between;2017;16+;6,3;55;1;0;0;0;1
754;Selling Sunset;2019;18+;6,3;55;1;0;0;0;1
755;Trailer Park Boys: The Animated Series;2019;18+;7,5;55;1;0;0;0;1
756;Ultraviolet;2017;18+;7;55;1;1;0;0;1
757;Ultraman;2019;16+;6,9;54;1;0;0;0;1
758;No Good Nick;2019;7+;6;54;1;0;0;0;1
759;Daughter From Another Mother;2021;18+;7,4;54;1;0;0;0;1
760;Tiny House Nation;2014;7+;7,1;54;1;0;0;0;1
761;High-Rise Invasion;2021;18+;6,7;54;1;0;0;0;1
762;Mystic Pop-up Bar;2020;16+;8;54;1;0;0;0;1
763;Glow Up: Britain's Next Make-Up Star;2019;16+;6,7;54;1;0;0;0;1
764;Falsa Identidad;2018;16+;7,1;54;1;0;0;0;1
765;Alien Worlds;2020;7+;6,5;54;1;0;0;0;1
766;Barbie: Life in the Dreamhouse;2012;0;7,4;54;1;0;0;0;1
767;Freud;2020;18+;6,5;54;1;0;0;0;1
768;God Eater;2015;16+;7;54;1;0;0;0;1
769;El DragÃ³n: Return of a Warrior;2019;18+;7;54;1;0;0;0;1
770;Netflix Presents: The Characters;2016;18+;5,4;54;1;0;0;0;1
771;Vampires;2020;18+;5,6;54;1;0;0;0;1
772;#blackAF;2020;18+;6,8;54;1;0;0;0;1
773;Ever After High;2013;0;8;54;1;0;0;0;1
774;Sirius the Jaeger;2018;16+;6,8;54;1;0;0;0;1
775;Eternal Love;2017;7+;8,3;54;1;0;0;0;1
776;Murder Mountain;2018;16+;6,9;54;1;0;0;0;1
777;Dope;2017;16+;7,3;54;1;0;0;0;1
778;Troy: Fall of a City;2018;18+;3,8;54;1;0;0;0;1
779;Surviving Escobar - Alias JJ;2017;18+;7,9;54;1;0;0;0;1
780;Skylines;2019;16+;7,6;54;1;0;0;0;1
781;High Score Girl;2018;7+;8;54;1;0;0;0;1
782;Unit 42;2017;7+;7;54;1;0;0;0;1
783;The Velvet Collection;2017;16+;7,2;54;1;0;0;0;1
784;One on One;2001;16+;7,2;54;1;0;1;0;1
785;Monty Python: Almost the Truth (The Lawyer's Cut);2009;7+;8,1;54;1;0;0;0;1
786;Voice;2017;16+;7,7;54;1;0;0;0;1
787;La RÃ©volution;2020;16+;6,5;54;1;0;0;0;1
788;Queer Eye: We're in Japan!;2019;16+;8,2;54;1;0;0;0;1
789;Danger Mouse;1981;7+;7,4;54;1;0;0;0;1
790;Man Like Mobeen;2017;18+;8;53;1;0;0;0;1
791;X-Men;2011;16+;6,9;53;1;0;0;1;1
792;7SEEDS;2019;18+;6,4;53;1;0;0;0;1
793;Ultimate Beastmaster;2017;0;7,3;53;1;0;0;0;1
794;Trigger Warning with Killer Mike;2019;16+;7;53;1;0;0;0;1
795;The Queen of Flow;2018;18+;7,8;53;1;0;0;0;1
796;The Upshaws;2021;16+;6,9;53;1;0;0;0;1
797;Huge in France;2019;16+;6,8;53;1;0;0;0;1
798;Good Morning Call;2016;0;7,5;53;1;0;0;0;1
799;Reality Z;2020;18+;5,4;53;1;0;0;0;1
800;Bella and the Bulldogs;2015;0;5,4;53;1;0;0;0;1
801;Johnny Test;2005;0;5,1;53;1;0;0;0;1
802;The Lost Pirate Kingdom;2021;18+;6,6;53;1;0;0;0;1
803;The I-Land;2019;18+;4,6;53;1;0;0;0;1
804;Free Rein;2017;0;7,3;53;1;0;0;0;1
805;Ashes of Love;2018;7+;8,4;53;1;0;0;0;1
806;Masha and the Bear;2009;0;7,5;53;1;0;0;0;1
807;All Hail King Julien;2014;7+;7,1;53;1;0;0;0;1
808;The Day I Met El Chapo: The Kate del Castillo Story;2017;18+;6,9;53;1;0;0;0;1
809;Argos ComunicaciÃ³n;2017;18+;7,2;53;1;0;0;0;1
810;Busted!;2018;16+;7,7;53;1;0;0;0;1
811;Street Food;2019;0;8,2;53;1;0;0;0;1
812;A Little Thing Called First Love;2019;0;8;53;1;0;1;0;1
813;Song Exploder;2020;18+;7,4;53;1;0;0;0;1
814;Spycraft;2021;18+;6,7;53;1;0;0;0;1
815;Thieves of the Wood;2020;18+;6,8;53;1;0;0;0;1
816;Headspace Guide to Meditation;2021;7+;8,5;53;1;0;0;0;1
817;Record of Grancrest War;2018;18+;7,2;53;1;0;0;0;1
818;Abyss;2019;16+;7,1;53;1;0;0;0;1
819;Silver Spoon;2014;16+;7,7;53;1;0;0;0;1
820;Omniscient;2020;18+;6,4;53;1;0;0;0;1
821;Creeped Out;2017;7+;6,6;53;1;0;0;0;1
822;The Worst Witch;2017;7+;7,3;53;1;0;0;0;1
823;Diablero;2018;16+;6,7;53;1;0;0;0;1
824;The Daily Life of the Immortal King;2020;16+;7,4;53;1;0;0;0;1
825;My First First Love;2019;7+;7,5;53;1;0;0;0;1
826;The Mr. Peabody & Sherman Show;2015;7+;5,8;53;1;0;0;0;1
827;The Business of Drugs;2020;18+;7,2;53;1;0;0;0;1
828;Fresh, Fried & Crispy;2021;7+;6,2;53;1;0;0;0;1
829;Jiva!;2021;18+;5,7;53;1;0;0;0;1
830;Killer Ratings;2019;18+;8;53;1;0;0;0;1
831;Switched;2018;16+;7,1;53;1;0;0;0;1
832;Criminal: France;2019;7+;7,2;52;1;0;0;0;1
833;Bloodride;2020;18+;6,4;52;1;0;0;0;1
834;Glitch Techs;2020;0;7,9;52;1;0;0;0;1
835;Country Comfort;2021;7+;6,9;52;1;0;0;0;1
836;The Disappearance of Madeleine McCann;2019;16+;6,6;52;1;0;0;0;1
837;Nobody's Looking;2019;18+;7,8;52;1;0;0;0;1
838;Inside the World's Toughest Prisons;2016;18+;7,1;52;1;0;0;0;1
839;Family Reunion;2019;7+;6,5;52;1;0;0;0;1
840;Borderliner;2017;18+;6,8;52;1;0;0;0;1
841;Kissing Game;2020;18+;6,4;52;1;0;0;0;1
842;Neo Yokio;2017;18+;5,9;52;1;0;0;0;1
843;Crazy Delicious;2020;7+;6,7;52;1;0;0;0;1
844;Zumbo's Just Desserts;2016;7+;6,9;52;1;0;0;0;1
845;Bad Guys;2014;18+;7,9;52;1;0;0;0;1
846;Fireman Sam;1989;0;6,2;52;1;0;1;0;1
847;We Are the Wave;2019;18+;6,1;52;1;0;0;0;1
848;Okupas;2000;18+;9,1;52;1;0;0;0;1
849;Sword Art Online Alternative: Gun Gale Online;2018;16+;6,9;52;1;1;0;0;1
850;The Haunted Hathaways;2013;0;5,3;52;1;0;0;0;1
851;TIGER & BUNNY;2011;16+;7,4;52;1;1;0;0;1
852;The Queen and the Conqueror;2020;16+;6,7;52;1;0;0;0;1
853;Hoops;2020;18+;6;52;1;0;0;0;1
854;Crime Diaries: The Candidate;2019;18+;7,6;52;1;0;0;0;1
855;Zac & Mia;2017;16+;7,9;52;1;1;0;0;1
856;Men on a Mission;2015;16+;8,3;52;1;0;0;0;1
857;Girls Hostel;2018;7+;8,1;52;1;0;0;0;1
858;Power Rangers Dino Fury;2021;7+;6,8;52;1;0;0;0;1
859;Broken;2019;16+;6,9;52;1;0;0;0;1
860;Barney & Friends;1992;0;3,9;52;1;0;1;0;1
861;We the People;2021;7+;4,5;52;1;0;0;0;1
862;The Big Show Show;2020;0;6,4;52;1;0;0;0;1
863;Ares;2020;18+;5,6;52;1;0;0;0;1
864;The Duchess;2020;18+;6,8;52;1;0;1;0;1
865;Green Frontier;2019;18+;7,3;52;1;0;0;0;1
866;Nagi no Asukara;2013;7+;7,4;52;1;0;0;0;1
867;Luna Nera;2020;18+;5,6;52;1;0;0;0;1
868;Secrets of Great British Castles;2015;7+;7,8;52;1;0;0;0;1
869;Ridley Jones;2021;0;5,6;52;1;0;0;0;1
870;Next in Fashion;2020;16+;7,3;52;1;0;0;0;1
871;Children of the Whales;2017;16+;7,1;52;1;0;0;0;1
872;Live;2018;16+;8,4;52;1;0;0;0;1
873;Hangar 1: The UFO Files;2015;7+;7,3;52;1;0;1;0;1
874;Valeria;2020;18+;6,2;52;1;0;0;0;1
875;Girls und Panzer;2012;16+;7,4;52;1;1;0;0;1
876;World's Most Wanted;2020;16+;7,2;52;1;0;0;0;1
877;The Adventures of Puss in Boots;2015;7+;6,7;51;1;0;0;0;1
878;MeatEater;2012;16+;7,7;51;1;0;0;0;1
879;Old Money;2015;7+;7,6;51;1;0;0;0;1
880;Heartbreak High;1994;7+;7,8;51;1;0;0;0;1
881;Breakfast, Lunch & Dinner;2019;18+;6,8;51;1;0;0;0;1
882;Trailer Park Boys: Out of the Park: Europe;2016;18+;6,7;51;1;0;0;0;1
883;Put Your Head on My Shoulder;2019;7+;8;51;1;0;0;0;1
884;MonzÃ³n: A Knockout Blow;2019;18+;7,9;51;1;0;0;0;1
885;The Expanding Universe of Ashley Garcia;2020;0;6,8;51;1;0;0;0;1
886;Two Sentence Horror Stories;2019;16+;5,5;51;1;0;0;0;1
887;Shot in the Dark;2017;18+;8,3;51;1;0;0;0;1
888;Criminal: Spain;2019;7+;6,9;51;1;0;0;0;1
889;Half & Half;2002;7+;7,1;51;1;0;0;0;1
890;The Least Expected Day: Inside the Movistar Team 2019;2020;7+;7,4;51;1;0;0;0;1
891;Nicky, Ricky, Dicky & Dawn;2014;0;5,2;51;1;0;0;0;1
892;The Honeymoon Stand Up Special;2018;16+;6,9;51;1;0;0;0;1
893;BREAK IT ALL: The History of Rock in Latin America;2020;18+;7,6;51;1;0;0;0;1
894;Rapture;2018;18+;7,2;51;1;0;0;0;1
895;Chef's Table: France;2016;16+;8,3;51;1;0;0;0;1
896;Wolverine;2011;16+;6,3;51;1;0;0;0;1
897;La DoÃ±a;2016;16+;7,2;51;1;0;0;0;1
898;Accidentally In Love;2018;7+;7,6;51;1;0;0;0;1
899;Final Fantasy XIV: Dad of Light;2017;7+;7;51;1;0;0;0;1
900;Shadow;2019;7+;6,6;51;1;0;0;0;1
901;Sugar Rush;2018;7+;7;51;1;0;0;0;1
902;Trash Truck;2020;0;8,4;51;1;0;0;0;1
903;The Victims' Game;2020;18+;7,4;51;1;0;0;0;1
904;Floor is Lava;2020;0;5,3;51;1;0;0;0;1
905;Leila;2019;16+;4,8;51;1;0;0;0;1
906;The Last Kids on Earth;2019;7+;7,4;51;1;0;0;0;1
907;Behind Enemy Lines;2001;13+;6,4;50;1;0;0;0;1
908;Dating Around;2019;16+;6,3;50;1;0;0;0;1
909;Haunted;2018;18+;4,6;50;1;0;0;0;1
910;Drug Lords;2018;18+;6,8;50;1;0;0;0;1
911;Jinn;2019;16+;3,5;50;1;0;0;0;1
912;The Wiggles;1998;0;5,9;50;1;0;0;0;1
913;Bling Empire;2021;18+;5,8;50;1;0;0;0;1
914;The InBESTigators;2019;0;8,1;50;1;0;0;0;1
915;Ad Vitam;2018;7+;6,5;50;1;0;0;0;1
916;Girls Incarcerated;2018;18+;7,3;50;1;0;0;0;1
917;Bonus Family;2017;7+;7,6;50;1;0;0;0;1
918;The Club;2019;18+;6,3;50;1;0;0;0;1
919;Rabbids Invasion;2013;7+;5;50;1;1;0;0;1
920;Why Are You Like This?;2021;18+;6,5;50;1;0;0;0;1
921;Moesha;1996;7+;5,8;50;1;1;0;0;1
922;Ben and Holly's Little Kingdom;2009;0;7,4;50;1;0;0;0;1
923;The AlcÃ sser Murders;2019;18+;7,1;50;1;0;0;0;1
924;Scare Tactics;2003;16+;6,7;50;1;0;0;0;1
925;(Un)Well;2020;18+;6,4;50;1;0;0;0;1
926;The Houseboat;2021;18+;7,3;50;1;0;0;0;1
927;The Stranded;2019;18+;6,3;50;1;0;0;0;1
928;Chelsea;2016;18+;6;50;1;0;0;0;1
929;Transformers: Rescue Bots;2012;7+;6,5;50;1;0;1;0;1
930;Stay Here;2018;7+;7,5;50;1;0;0;0;1
931;Murder Maps;2015;16+;7,5;50;1;0;0;0;1
932;Filinta: An Ottoman Policeman;2014;16+;6,8;50;1;0;0;0;1
933;White Rabbit Project;2016;7+;6,9;50;1;0;0;0;1
934;Mystery Lab;2020;7+;7,7;50;1;0;0;0;1
935;Supermarket Sweep;1990;0;7,5;50;1;1;1;0;1
936;Pandemic: How to Prevent an Outbreak;2020;16+;6,4;50;1;0;0;0;1
937;Autumn's Concerto;2009;16+;8;50;1;0;0;0;1
938;Mobile Suit Gundam Unicorn;2010;16+;7,8;50;1;0;0;0;1
939;Moving Art;2007;7+;8,7;50;1;0;0;0;1
940;Bumping Mics with Jeff Ross & Dave Attell;2018;18+;7,7;50;1;0;0;0;1
941;The Chase;2013;0;7,4;50;1;1;0;0;1
942;Hardy Bucks;2010;7+;8,3;50;1;0;0;0;1
943;Hymn of Death;2018;18+;7,5;50;1;0;0;0;1
944;Ellen DeGeneres: Relatable;2018;16+;6,5;49;1;0;0;0;1
945;Brews Brothers;2020;18+;5,1;49;1;0;0;0;1
946;Spirit: Riding Free;2017;7+;6,6;49;1;0;0;0;1
947;Mismatched;2020;18+;5,5;49;1;0;0;0;1
948;The Cabin with Bert Kreischer;2020;18+;7,3;49;1;0;0;0;1
949;Booba;2014;0;7;49;1;0;1;0;1
950;Instant Hotel;2018;7+;7,3;49;1;0;0;0;1
951;Dancing Queen;2018;7+;7;49;1;0;0;0;1
952;QB1: Beyond the Lights;2017;16+;7,8;49;1;0;0;0;1
953;Moving On;2009;7+;7,5;49;1;0;0;0;1
954;Hache;2019;18+;6,5;49;1;0;0;0;1
955;Jailbirds;2019;18+;7,1;49;1;0;0;0;1
956;FIGHTWORLD;2018;18+;7,6;49;1;0;0;0;1
957;The Hockey Girls;2019;16+;6,9;49;1;0;0;0;1
958;SWORD GAI: The Animation;2018;18+;5,9;49;1;0;0;0;1
959;Ask the Storybots;2016;0;8,4;49;1;0;0;0;1
960;Black Ink Crew New York;2013;16+;4,6;49;1;1;0;0;1
961;Lunatics;2019;18+;6,6;49;1;0;0;0;1
962;Angry Birds Toons;2013;0;6,3;49;1;0;0;0;1
963;Puffin Rock;2015;0;8,7;49;1;0;0;0;1
964;Kid Cosmic;2021;7+;8;49;1;0;0;0;1
965;City of Ghosts;2021;7+;8;49;1;0;1;0;1
966;Unstoppable;2020;18+;7,3;49;1;1;0;0;1
967;Wild Catch / Chasing Monsters;2016;7+;7,4;49;1;0;0;0;1
968;Molang;2015;0;8,6;49;1;1;1;0;1
969;Beyblade Burst;2016;7+;6,7;49;1;0;0;0;1
970;Signs;2018;18+;6,2;48;1;0;1;0;1
971;The Deep;2016;7+;7,9;48;1;0;0;0;1
972;Hot Date;2017;16+;7,1;48;1;0;1;0;1
973;Sparta;2018;18+;6,6;48;1;0;0;0;1
974;Trolls: The Beat Goes On!;2018;0;5,9;48;1;0;0;0;1
975;Atelier;2015;16+;7,2;48;1;0;0;0;1
976;The Healing Powers of Dude;2020;0;6,6;48;1;0;0;0;1
977;Pocoyo;2005;0;7,4;48;1;1;1;0;1
978;The Cuba Libre Story;2016;16+;7,7;48;1;0;0;0;1
979;El Chema;2016;16+;6,8;48;1;0;0;0;1
980;My Little Pony: Equestria Girls;2017;0;6,4;48;1;0;0;0;1
981;Love (ft. Marriage and Divorce);2021;7+;5,9;48;1;0;0;0;1
982;The Royal House of Windsor;2017;16+;7,3;48;1;0;0;0;1
983;Dealer;2021;18+;6,2;48;1;0;0;0;1
984;Can You Hear Me?;2019;16+;7,7;48;1;0;0;0;1
985;1994;2019;18+;7,6;48;1;0;0;0;1
986;Pac-Man and the Ghostly Adventures;2013;7+;4,9;48;1;0;1;0;1
987;The Parkers;1999;7+;6,9;48;1;0;0;0;1
988;Cooked With Cannabis;2020;18+;6,6;48;1;0;0;0;1
989;Gigantosaurus;2019;0;7,2;48;1;0;0;1;1
990;Re:Mind;2017;18+;5;48;1;0;0;0;1
991;The Magic School Bus Rides Again;2017;0;6,2;48;1;0;0;0;1
992;The Kirlian Frequency;2019;7+;7,6;48;1;0;0;0;1
993;Granblue Fantasy: The Animation;2017;16+;6,4;48;1;0;0;0;1
994;Fated to Love You;2008;7+;7,4;48;1;1;0;0;1
995;Women of the Night;2019;18+;6,2;48;1;0;0;0;1
996;Dad Stop Embarrassing Me!;2021;7+;4,2;48;1;0;0;0;1
997;Kuromukuro;2016;16+;7,2;48;1;0;0;0;1
998;Real Rob;2015;18+;6,4;48;1;0;0;0;1
999;Prank Encounters;2019;16+;5,2;48;1;0;0;0;1
1000;The Mafia Dolls;2009;18+;6,6;48;1;0;0;0;1
1001;Sintonia;2019;18+;6,8;47;1;0;0;0;1
1002;Examination of Conscience;2019;18+;7,9;47;1;0;0;0;1
1003;The Cat in the Hat Knows a Lot About That!;2010;0;6,5;47;1;0;1;0;1
1004;AMO;2018;18+;6,5;47;1;0;0;0;1
1005;Super Drags;2018;18+;5,6;47;1;0;0;0;1
1006;Pop Team Epic;2018;18+;6,9;47;1;0;1;0;1
1007;Haunted: Latin America;2021;16+;5,4;47;1;0;0;0;1
1008;Brainchild;2018;7+;8,1;47;1;0;0;0;1
1009;Flavorful Origins;2019;0;7,8;47;1;0;0;0;1
1010;Record of Youth;2020;16+;7,3;47;1;0;0;0;1
1011;StarBeam;2020;0;6,9;47;1;0;0;0;1
1012;Fate/Apocrypha;2017;18+;6,6;47;1;0;0;0;1
1013;Yankee;2019;18+;6;47;1;0;0;0;1
1014;Dream Home Makeover;2020;0;5,6;47;1;0;0;0;1
1015;Project McÂ²;2015;0;6;47;1;0;0;0;1
1016;Canine Intervention;2021;16+;6,5;47;1;0;0;0;1
1017;Cagaster of an Insect Cage;2020;18+;6,2;47;1;0;0;0;1
1018;All For Love;2020;7+;7;47;1;0;0;0;1
1019;Bill Nye Saves the World;2017;7+;3,6;47;1;0;0;0;1
1020;A.I.C.O. -Incarnation-;2018;18+;6,4;47;1;0;0;0;1
1021;72 Dangerous Animals: Latin America;2017;16+;6,6;47;1;0;0;0;1
1022;Restaurants on the Edge;2020;16+;6,8;47;1;0;0;0;1
1023;El Reemplazante;2012;16+;8,5;47;1;0;0;0;1
1024;BolÃ­var: Una lucha admirable;2019;18+;7,5;47;1;0;0;0;1
1025;The Epic Tales of Captain Underpants;2018;7+;6,7;47;1;0;0;0;1
1026;The Chosen One;2019;18+;5,8;47;1;0;0;0;1
1027;The Piano Forest;2018;7+;7,1;47;1;0;0;0;1
1028;SAINT SEIYA: Knights of the Zodiac;2019;16+;4,5;46;1;0;0;0;1
1029;Timmy Time;2009;0;6,9;46;1;0;0;0;1
1030;Her Mother's Killer;2020;16+;7,7;46;1;0;0;0;1
1031;Surviving Death;2021;18+;6,1;46;1;0;0;0;1
1032;The House Arrest of Us;2020;7+;7,5;46;1;0;0;0;1
1033;Witch Hunt: A Century of Murder;2015;18+;7,2;46;1;0;0;0;1
1034;Meet the Drug Lords: Inside the Real Narcos;2018;7+;7,5;46;1;0;0;0;1
1035;Gabby's Dollhouse;2021;0;7,1;46;1;0;0;0;1
1036;Monty Python's Personal Best;2006;16+;7,9;46;1;0;0;0;1
1037;World of Winx;2016;7+;6,8;46;1;0;0;0;1
1038;The Big Day;2021;18+;4,6;46;1;0;0;0;1
1039;Afflicted;2018;18+;5;46;1;0;1;0;1
1040;Lost & Found Music Studios;2015;0;6,8;46;1;0;0;0;1
1041;Minecraft: Story Mode;2018;7+;5,7;46;1;0;0;0;1
1042;The Break with Michelle Wolf;2018;18+;5,3;46;1;0;0;0;1
1043;Beat Bugs;2016;0;7,6;46;1;0;0;0;1
1044;Transformers: Cyberverse;2018;7+;6,8;46;1;0;0;0;1
1045;Grizzy & the Lemmings;2016;0;7;46;1;0;0;0;1
1046;The Garfield Show;2009;0;5,4;46;1;0;0;0;1
1047;Abby Hatcher;2018;0;6,2;46;1;0;0;0;1
1048;Schulz Saves America: Pandemics, Predators, Protests & Presidents;2020;18+;7,5;46;1;0;0;0;1
1049;Dawn of the Croods;2015;7+;6;46;1;0;0;0;1
1050;Power Rangers Beast Morphers;2019;7+;6,8;45;1;0;0;0;1
1051;The Big Family Cooking Showdown;2017;7+;7;45;1;0;0;0;1
1052;Awake: The Million Dollar Game;2019;7+;5,9;45;1;0;0;0;1
1053;Cheer Squad;2016;7+;7,4;45;1;0;0;0;1
1054;The Way of the Househusband;2021;16+;8,6;45;1;0;0;0;1
1055;Skylanders Academy;2016;7+;6,6;45;1;0;0;0;1
1056;The Fix;2018;18+;7,1;45;1;0;0;0;1
1057;Astronomy Club: The Sketch Show;2019;18+;7,1;45;1;0;0;0;1
1058;Prince of Peoria;2018;0;5,9;45;1;0;0;0;1
1059;Numberblocks;2017;0;8,1;45;1;0;0;0;1
1060;Polly Pocket;2018;7+;6,8;45;1;0;0;0;1
1061;All About the Washingtons;2018;0;4,5;45;1;0;0;0;1
1062;Archibald's Next Big Thing;2019;7+;7,8;45;1;0;0;0;1
1063;All Hail King Julien: Exiled;2017;7+;7,5;45;1;0;0;0;1
1064;Dragons: Rescue Riders;2019;7+;6,1;45;1;0;0;0;1
1065;21 Thunder;2017;18+;6,2;45;1;0;0;0;1
1066;Smoking;2018;18+;7,5;45;1;0;0;0;1
1067;My Only Love Song;2017;18+;6,9;45;1;0;0;0;1
1068;45 RPM;2019;16+;7,3;45;1;0;0;0;1
1069;Amazing Interiors;2018;0;6,7;45;1;0;0;0;1
1070;72 Dangerous Animals: Asia;2018;16+;6,6;45;1;0;0;0;1
1071;Mia and Me;2012;0;6,6;45;1;0;0;0;1
1072;Tong: Memories;2016;7+;8,1;45;1;0;0;0;1
1073;Transformers: Robots In Disguise;2015;0;5,9;45;1;0;1;0;1
1074;Deaf U;2020;18+;6,4;45;1;0;0;0;1
1075;Brotherhood;2019;16+;7,6;45;1;0;1;0;1
1076;Lost Song;2018;16+;7,2;45;1;0;0;0;1
1077;Izzy's Koala World;2020;0;8;45;1;0;0;0;1
1078;True and the Rainbow Kingdom;2017;0;7,1;45;1;0;0;0;1
1079;Power Rangers Ninja Steel;2017;7+;6;45;1;0;0;0;1
1080;LEGO Jurassic World: Legend of Isla Nublar;2019;0;6,8;45;1;0;0;0;1
1081;Silvana Sin Lana;2016;16+;7,5;45;1;0;0;0;1
1082;Buddy Thunderstruck;2017;7+;7,8;45;1;0;0;0;1
1083;Inside the Criminal Mind;2018;18+;5,5;45;1;1;0;0;1
1084;Late Night Restaurant;2015;16+;7,9;45;1;0;0;0;1
1085;Holiday Secrets;2019;16+;6,5;44;1;0;0;0;1
1086;Historical Roasts;2019;18+;5,3;44;1;0;0;0;1
1087;Twelve Forever;2019;7+;6,7;44;1;0;0;0;1
1088;Age of Tanks;2019;18+;7,3;44;1;0;0;0;1
1089;Best Leftovers Ever!;2020;0;5,7;44;1;0;0;0;1
1090;Rhyme Time Town;2020;0;7,5;44;1;0;0;0;1
1091;Go Dog Go;2021;0;7,4;44;1;0;0;0;1
1092;Samantha!;2018;7+;6,7;44;1;0;0;0;1
1093;Mighty Little Bheem;2019;0;6,7;44;1;0;0;0;1
1094;Horrid Henry;2006;7+;6,4;44;1;0;1;0;1
1095;The Ollie & Moon Show;2017;0;8,3;44;1;0;0;0;1
1096;Dinotrux;2015;7+;6,9;44;1;0;0;0;1
1097;Some Assembly Required;2014;0;3,7;44;1;0;1;0;1
1098;Beyblade Burst Rise;2020;7+;6,5;44;1;0;0;0;1
1099;Keeping Up with the Joneses;2010;7+;8,8;44;1;0;0;0;1
1100;Rainbow Rangers;2018;0;5,4;44;1;0;0;0;1
1101;Dollar;2019;18+;6,7;44;1;0;0;0;1
1102;First and Last;2018;18+;6,7;44;1;0;0;0;1
1103;HjÃ¸rdis;2015;0;7,2;44;1;0;0;0;1
1104;Buried by the Bernards;2021;16+;7,3;44;1;0;0;0;1
1105;Kevin Hart: Don't F**k This Up;2019;18+;6,5;44;1;0;0;0;1
1106;LEGO City Adventures;2019;7+;7;44;1;0;1;0;1
1107;Nature's Weirdest Events;2012;0;6,9;44;1;0;0;0;1
1108;Dragon Pilot: Hisone and Masotan;2018;16+;6,9;44;1;0;0;0;1
1109;Talking Tom and Friends;2014;7+;6,3;44;1;0;0;0;1
1110;Coach Snoop;2016;0;6,9;44;1;0;0;0;1
1111;Hero Mask;2018;16+;6,2;44;1;0;0;0;1
1112;Emily's Wonder Lab;2020;0;8,6;44;1;0;0;0;1
1113;The Ghost Bride;2020;18+;6;44;1;0;0;0;1
1114;Chief of Staff;2019;16+;7,9;44;1;0;0;0;1
1115;Three Days of Christmas;2019;18+;6,8;44;1;0;0;0;1
1116;Homemade;2020;16+;6;44;1;0;0;0;1
1117;Ingress: The Animation;2018;0;6,6;44;1;0;0;0;1
1118;Exhibit A;2019;18+;6,2;44;1;0;1;0;1
1119;Apache: La vida de Carlos Tevez;2019;18+;7,9;44;1;0;0;0;1
1120;Home: Adventures with Tip & Oh;2016;7+;6;43;1;0;0;0;1
1121;Hotel Transylvania;2017;7+;5,5;43;1;0;0;0;1
1122;The Garden of Heaven;2011;16+;8,7;43;1;0;0;0;1
1123;Barbie Dreamhouse Adventures;2018;0;6,8;43;1;0;0;0;1
1124;Hidden Worlds;2018;0;7,2;43;1;0;0;0;1
1125;A Boy Named Flora A;2017;18+;7,8;43;1;0;0;0;1
1126;The Idhun Chronicles;2020;16+;5,4;43;1;0;0;0;1
1127;44 Cats;2018;7+;6,1;43;1;0;0;0;1
1128;72 Dangerous Places to Live;2016;18+;6,2;43;1;0;0;0;1
1129;Turbo FAST;2013;7+;6,5;43;1;0;0;0;1
1130;Legend Quest;2017;7+;7,4;43;1;0;0;0;1
1131;Dinosaur King;2007;7+;5,7;43;1;0;0;0;1
1132;Once Upon a Time in Lingjian Mountain;2019;0;7,7;43;1;0;0;0;1
1133;Take My Brother Away;2018;0;7,1;43;1;0;0;0;1
1134;The Rap Game;2016;7+;5,7;43;1;0;0;0;1
1135;Basketball or Nothing;2019;7+;7,5;43;1;0;0;0;1
1136;Go! Go! Cory Carson;2020;0;8,1;43;1;0;0;0;1
1137;Super Monsters;2017;0;6,5;43;1;0;0;0;1
1138;How to Ruin Christmas: The Wedding;2020;18+;6,2;43;1;0;0;0;1
1139;ReBoot: The Guardian Code;2018;7+;3,8;43;1;0;0;0;1
1140;Hoff the Record;2015;16+;7;43;1;0;1;0;1
1141;Larry Charles' Dangerous World of Comedy;2019;18+;7,3;43;1;0;0;0;1
1142;Triad Princess;2019;18+;6,9;43;1;0;0;0;1
1143;Apaches;2015;18+;7;43;1;0;0;0;1
1144;Followers;2020;18+;6,2;42;1;0;0;0;1
1145;13 Reasons Why: Beyond the Reasons;2017;18+;6,4;42;1;0;0;0;1
1146;Cupcake & Dino - General Services;2018;7+;7,8;42;1;0;0;0;1
1147;Ice Fantasy;2016;16+;7,1;42;1;0;0;0;1
1148;Revolutionary Love;2017;7+;7,1;42;1;0;0;0;1
1149;Sunny Bunnies;2015;0;6,8;42;1;0;0;0;1
1150;Stretch Armstrong & the Flex Fighters;2017;7+;6,5;42;1;0;0;0;1
1151;Simon;2016;0;7,3;42;1;0;0;0;1
1152;Zig and Sharko;2010;0;6,9;42;1;0;0;0;1
1153;The Octonauts;2010;0;6,4;42;1;0;0;0;1
1154;Westside;2018;16+;6,2;42;1;0;1;0;1
1155;Alien TV;2020;7+;6,2;42;1;0;0;0;1
1156;VeggieTales in the City;2017;0;6;42;1;0;0;0;1
1157;Love O2O;2016;16+;8;42;1;0;0;0;1
1158;Upin & Ipin;2007;0;5,8;42;1;0;0;0;1
1159;Follow This;2018;18+;4,9;42;1;0;0;0;1
1160;Living Undocumented;2019;18+;6,6;42;1;0;0;0;1
1161;Fate/Extra Last Encore;2018;18+;5,4;42;1;0;0;0;1
1162;Alphablocks;2010;0;7,8;42;1;0;0;0;1
1163;Puerta 7;2020;18+;5,7;42;1;0;0;0;1
1164;We Speak Dance;2018;7+;7,6;42;1;0;0;0;1
1165;Racket Boys;2021;16+;1,1;42;1;0;0;0;1
1166;Heidi;2015;0;7,2;42;1;0;1;0;1
1167;Centaurworld;2021;7+;7,1;42;1;0;0;0;1
1168;Magmel of the Sea Blue;2019;7+;6,2;41;1;0;0;0;1
1169;The Legend of White Snake;2019;0;7,7;41;1;0;0;0;1
1170;Last Hope;2018;16+;5,8;41;1;0;0;0;1
1171;Death by Magic;2018;7+;6,1;41;1;0;0;0;1
1172;Welcome to the Family;2018;16+;6,7;41;1;0;0;0;1
1173;Motown Magic;2018;0;7,7;41;1;0;0;0;1
1174;Gormiti;2018;7+;6;41;1;0;0;0;1
1175;Takki;2012;0;7,1;41;1;0;0;0;1
1176;Angelina Ballerina: The Next Steps;2009;0;4,9;41;1;0;0;0;1
1177;The Casketeers;2018;16+;7,5;41;1;0;0;0;1
1178;Spectros;2020;18+;4,7;41;1;0;0;0;1
1179;My Runway;2016;7+;6,4;41;1;0;0;0;1
1180;LEGO Marvel Avengers: Climate Conundrum;2020;7+;7;41;1;0;0;0;1
1181;The Haunted House;2016;7+;8,4;40;1;0;0;0;1
1182;Oddbods (Shorts);2015;7+;6,4;40;1;0;0;0;1
1183;Cleo & Cuquin;2018;7+;8;40;1;0;0;0;1
1184;Inspector Gadget;2015;0;4,6;40;1;0;0;1;1
1185;Magic for Humans Spain;2021;18+;6,4;40;1;0;0;0;1
1186;The Qin Empire;2009;7+;8,1;40;1;0;0;0;1
1187;The Comedy Lineup;2018;18+;5,9;40;1;0;0;0;1
1188;Charlie's Colorforms City;2019;0;7,1;40;1;0;0;0;1
1189;Cloudy with a Chance of Meatballs;2017;0;3,3;40;1;0;0;0;1
1190;Absurd Planet;2020;7+;3,9;40;1;0;0;0;1
1191;Mighty Express;2020;0;5;40;1;0;0;0;1
1192;Children of Adam;2020;18+;7,9;40;1;0;0;0;1
1193;Nowhere Man;2019;18+;5,6;40;1;0;0;0;1
1194;Club de Cuervos Presents: The Ballad of Hugo SÃ¡nchez;2018;18+;6,5;40;1;0;0;0;1
1195;Mob Psycho 100;2018;0;5,2;40;1;0;0;0;1
1196;Lego Bionicle: The Journey to One;2016;7+;5,5;40;1;0;0;0;1
1197;Back Street Girls: Goku Dolls;2018;18+;6,7;40;1;0;0;0;1
1198;The Iliza Shlesinger Sketch Show;2020;18+;5;40;1;0;0;0;1
1199;Becoming Champions;2018;0;6,7;40;1;0;0;0;1
1200;Bakugan: Battle Planet;2018;0;4,9;40;1;0;0;0;1
1201;The Writer;2019;7+;6,6;40;1;0;0;0;1
1202;Robot Trains;2017;0;6,2;40;1;0;1;0;1
1203;Pororo the Little Penguin;2003;0;6;40;1;1;1;0;1
1204;H2O - Abenteuer Meerjungfrau;2015;7+;5,6;40;1;0;0;0;1
1205;The Fierce Wife;2010;16+;6,8;40;1;0;0;0;1
1206;Eugenie Nights - Ù„ÙŠØ§Ù„ÙŠ Ø£ÙˆØ¬ÙŠÙ†ÙŠ;2018;16+;7,4;40;1;0;0;0;1
1207;Tiny Creatures;2020;7+;4,9;40;1;0;0;0;1
1208;Standup and Away! with Brian Regan;2018;16+;5,8;40;1;0;0;0;1
1209;Black Crows;2018;18+;5,6;40;1;0;0;0;1
1210;Yummy Mummies;2017;7+;4,1;40;1;0;0;0;1
1211;revisions;2019;18+;6;40;1;0;0;0;1
1212;Green Door;2019;18+;6,3;40;1;0;0;0;1
1213;Million Dollar Beach House;2020;18+;4,1;40;1;0;0;0;1
1214;I Hear You;2019;0;7,8;40;1;0;0;0;1
1215;Littlest Pet Shop: A World of Our Own;2018;0;6,8;39;1;0;0;0;1
1216;Spy Kids: Mission Critical;2018;0;4,9;39;1;0;0;0;1
1217;Dino Girl Gauko;2019;7+;6,7;39;1;0;0;0;1
1218;Hasmukh;2020;18+;5,3;39;1;0;0;0;1
1219;Here to Heart;2018;7+;7,4;39;1;0;0;0;1
1220;The Good Bandit;2019;18+;7,8;39;1;0;0;0;1
1221;Wait, My Youth;2019;0;8,6;39;1;0;0;0;1
1222;Locombianos;2021;18+;3,6;39;1;0;0;0;1
1223;Rainbow Ruby;2016;0;6,6;39;1;0;0;0;1
1224;Justin Time;2011;0;6,7;39;1;0;0;0;1
1225;Fugitiva;2018;18+;5,7;39;1;0;0;0;1
1226;Flinch;2019;7+;4,3;39;1;0;0;0;1
1227;Larva;2011;0;7,2;39;1;0;0;0;1
1228;StoryBots Super Songs;2016;0;8,5;39;1;0;0;0;1
1229;VeggieTales In The House;2014;0;4,4;39;1;0;0;0;1
1230;LEGO Jurassic World: The Secret Exhibit;2018;7+;6,3;39;1;0;0;0;1
1231;Strong;2016;7+;7,5;39;1;0;0;0;1
1232;The American Bible Challenge;2012;0;6,4;39;1;0;0;0;1
1233;GAME ON: A Comedy Crossover Event;2020;0;5,7;39;1;0;0;0;1
1234;ID-0;2017;16+;6,1;39;1;0;0;0;1
1235;Tijuana;2019;16+;7,1;39;1;0;0;0;1
1236;Dinotrux: Supercharged;2017;7+;7,2;39;1;0;0;0;1
1237;The Jungle Book;2010;0;4,2;39;1;0;0;1;1
1238;Rhyme Time Town Singalongs;2020;0;8,3;39;1;0;0;0;1
1239;Transformers: Rescue Bots Academy;2019;0;6,6;39;1;0;0;0;1
1240;Noddy, Toyland Detective;2016;0;6,2;39;1;0;0;0;1
1241;Ricky Zoom;2019;0;6,5;39;1;0;0;0;1
1242;Popples;1986;0;6,5;39;1;0;0;0;1
1243;Edgar Rice Burroughs' Tarzan and Jane;2017;7+;4,8;39;1;0;0;0;1
1244;Chico Bon Bon: Monkey with a Tool Belt;2020;0;6,3;39;1;0;0;0;1
1245;Boca Juniors Confidential;2018;0;6,4;38;1;0;0;0;1
1246;ZOIDS WILD;2018;7+;5,8;38;1;0;0;0;1
1247;Holiday Home Makeover with Mr. Christmas;2020;0;5,7;38;1;0;0;0;1
1248;Nailed It! Mexico;2019;0;6,1;38;1;0;0;0;1
1249;Cabins in the Wild with Dick Strawbridge;2017;7+;6,8;38;1;0;0;0;1
1250;Best.Worst.Weekend.Ever.;2018;7+;6,4;38;1;0;0;0;1
1251;Fangbone!;2016;7+;5,7;38;1;0;0;0;1
1252;Pinky Malinky;2019;7+;5,7;38;1;0;0;0;1
1253;Extreme Engagement;2019;18+;5,7;38;1;0;0;0;1
1254;Care Bears and Cousins;2015;0;6,8;38;1;0;0;0;1
1255;The In-Laws;2003;13+;5,7;38;1;0;0;0;1
1256;Hong Kong West Side Stories;2019;18+;7,3;38;1;0;0;0;1
1257;Life Plan A and B;2017;7+;7,6;38;1;0;0;0;1
1258;Empire Games;2018;7+;5,7;38;1;0;0;0;1
1259;J-Style Trip;2020;16+;5,4;37;1;0;0;0;1
1260;Kong: King of the Apes;2016;7+;5,8;37;1;0;0;0;1
1261;Word Party;2016;0;5,9;37;1;0;0;0;1
1262;Power Players;2019;7+;6;37;1;0;0;0;1
1263;The Outsiders;2004;16+;7,4;37;1;0;0;0;1
1264;Nailed It! France;2019;16+;6,4;37;1;0;0;0;1
1265;Richie Rich;2015;0;3,3;37;1;0;0;0;1
1266;Justice;2019;7+;5,2;37;1;0;0;0;1
1267;Bookmarks: Celebrating Black Voices;2020;0;4,9;37;1;0;0;0;1
1268;Meet the Adebanjos;2012;7+;7,6;37;1;0;0;0;1
1269;LEGO Friends: The Power of Friendship;2016;7+;6;36;1;0;0;0;1
1270;True Tunes;2019;0;8;36;1;0;0;0;1
1271;Dreamworks Spooky Stories;2012;7+;6,7;36;1;0;0;0;1
1272;Little Baby Bum: Nursery Rhyme Friends;2016;0;6,7;36;1;0;0;0;1
1273;28 Faces of the Moon;2016;7+;5,5;36;1;0;0;0;1
1274;Harvey Street Kids;2018;7+;6,6;36;1;0;0;0;1
1275;Buddi;2020;0;6,9;36;1;0;0;0;1
1276;Edha;2018;18+;4,8;36;1;0;0;0;1
1277;The Degenerates;2018;18+;6,2;36;1;0;0;0;1
1278;Chasing Cameron;2016;7+;3,7;36;1;0;0;0;1
1279;Chip and Potato;2018;0;6,2;36;1;0;0;0;1
1280;YG Future Strategy Office;2018;18+;7;35;1;0;0;0;1
1281;Kid-E-Cats;2017;0;7,4;35;1;0;0;0;1
1282;Bo on the Go!;2007;0;4;35;1;0;0;0;1
1283;Ð¢Ð¾Ð±Ð¾Ñ‚;2010;7+;6,6;35;1;0;1;0;1
1284;In The Bosom of a Thorn;2019;16+;7,3;35;1;0;0;0;1
1285;YooHoo to the Rescue;2019;0;6,6;35;1;0;0;0;1
1286;Styling Hollywood;2019;16+;7,3;35;1;0;0;0;1
1287;Trotro;2006;0;6;35;1;0;0;0;1
1288;Masha's Spooky Stories;2014;0;5;35;1;0;0;0;1
1289;The Goop Lab;2020;18+;2,5;35;1;0;0;0;1
1290;Kulipari: An Army of Frogs;2016;7+;7;35;1;0;0;0;1
1291;Happy Jail;2019;18+;8;34;1;0;0;0;1
1292;Luo Bao Bei;2018;0;7,6;34;1;0;0;0;1
1293;Lavender;2001;16+;6,6;34;1;0;0;0;1
1294;KO One;2005;7+;5,4;34;1;0;0;0;1
1295;Kulipari: Dream Walker;2018;0;7,6;34;1;0;0;0;1
1296;K.O.3an Guo;2009;16+;5,3;34;1;0;0;0;1
1297;Morphle;2019;0;4,9;34;1;1;0;0;1
1298;Hello Ninja;2019;0;6,6;34;1;0;0;0;1
1299;Llama Llama;2018;0;6,5;33;1;0;0;0;1
1300;Part-Time Idol;2017;7+;7;33;1;0;0;0;1
1301;The Sound of Your Heart: Reboot;2018;7+;5,9;33;1;0;0;0;1
1302;Ponysitters Club;2018;0;7,1;33;1;0;0;0;1
1303;Bottersnikes & Gumbles;2016;7+;5,2;32;1;0;0;0;1
1304;Shopkins;2014;0;3,8;32;1;0;0;0;1
1305;Dennis & Gnasher Unleashed!;2017;0;7,4;31;1;0;0;0;1
1306;Luna Petunia Return to Amazia;2018;0;4,8;31;1;0;0;0;1
1307;Luna Petunia;2016;0;6,3;31;1;0;0;0;1
1308;Jimmy: The True Story of a True Idiot;2018;0;6,8;31;1;0;0;0;1
1309;Jusqu'Ã  l'Aube;2020;18+;2,7;31;1;0;0;0;1
1310;Droppin' Cash: Los Angeles;2018;16+;3,5;30;1;0;0;0;1
1311;Robozuna;2018;7+;6,3;30;1;0;0;0;1
1312;Lucky Days;2010;7+;7;30;1;0;0;0;1
1313;Stunt Science;2018;18+;5;30;1;0;0;0;1
1314;Bangkok Buddies;2019;0;6,8;29;1;0;0;0;1
1315;The Year of Happiness and Love;2009;7+;5,2;29;1;0;0;0;1
1316;Kibaoh Klashers;2017;7+;6,3;27;1;0;0;0;1
1317;Rick and Morty;2013;18+;9,2;100;0;1;0;0;1
1318;Seinfeld;1989;16+;8,8;93;0;1;0;0;1
1319;Vikings;2013;18+;8,5;92;0;1;1;0;1
1320;Fargo;2014;18+;8,9;92;0;1;0;0;1
1321;Brooklyn Nine-Nine;2013;16+;8,4;92;0;1;0;0;1
1322;Lost;2004;16+;8,3;91;0;1;0;0;1
1323;Parks and Recreation;2009;16+;8,6;91;0;1;0;0;1
1324;The Simpsons;1989;7+;8,6;91;0;1;0;1;1
1325;It's Always Sunny in Philadelphia;2005;18+;8,8;90;0;1;0;0;1
1326;Firefly;2002;16+;9;90;0;1;0;0;1
1327;My Hero Academia;2016;16+;8,4;90;0;1;0;0;1
1328;How I Met Your Mother;2005;16+;8,3;90;0;1;1;0;1
1329;Modern Family;2009;7+;8,4;90;0;1;0;0;1
1330;The Handmaid's Tale;2017;18+;8,4;90;0;1;0;0;1
1331;Twin Peaks;1990;18+;8,8;89;0;1;0;0;1
1332;Homeland;2011;18+;8,3;89;0;1;0;0;1
1333;Gravity Falls;2012;7+;8,9;88;0;1;0;1;1
1334;Futurama;1999;16+;8,4;88;0;1;0;0;1
1335;Sons of Anarchy;2008;18+;8,5;88;0;1;0;0;1
1336;The X-Files;1993;18+;8,6;87;0;1;0;0;1
1337;Line of Duty;2012;18+;8,7;87;0;1;1;0;1
1338;Justified;2010;18+;8,6;87;0;1;0;0;1
1339;This Is Us;2016;16+;8,7;87;0;1;1;0;1
1340;Freaks and Geeks;1999;16+;8,7;87;0;1;0;0;1
1341;Prison Break;2005;16+;8,3;87;0;1;1;0;1
1342;Scrubs;2001;16+;8,3;87;0;1;1;0;1
1343;What We Do in the Shadows;2019;18+;8,5;87;0;1;0;0;1
1344;Archer;2009;18+;8,6;86;0;1;0;0;1
1345;Killing Eve;2018;16+;8,2;86;0;1;0;0;1
1346;Adventure Time;2010;7+;8,6;86;0;1;0;0;1
1347;24;2001;16+;8,3;86;0;1;0;0;1
1348;The Twilight Zone;1959;7+;9;86;0;1;0;0;1
1349;Buffy the Vampire Slayer;1997;16+;8,2;86;0;1;1;0;1
1350;White Collar;2009;7+;8,2;85;0;1;0;0;1
1351;Teen Wolf;2011;16+;7,6;85;0;1;1;0;1
1352;The Shield;2002;18+;8,7;85;0;1;0;0;1
1353;Bob's Burgers;2011;16+;8,1;85;0;1;0;0;1
1354;30 Rock;2006;16+;8,2;84;0;1;1;0;1
1355;Legion;2017;18+;8,2;84;0;1;0;0;1
1356;Atlanta;2016;18+;8,6;84;0;1;0;0;1
1357;The Office;2001;16+;8,5;84;0;1;1;0;1
1358;Frasier;1993;7+;8,1;83;0;1;0;0;1
1359;Pretty Little Liars;2010;16+;7,4;83;0;1;0;0;1
1360;Mr Inbetween;2018;18+;8,6;83;0;1;0;0;1
1361;Friday Night Lights;2006;7+;8,6;83;0;1;1;0;1
1362;Taboo;2017;18+;8,4;83;0;1;0;0;1
1363;Pride and Prejudice;1995;0;8,8;83;0;1;0;0;1
1364;Normal People;2020;16+;8,5;83;0;1;0;0;1
1365;Black Sails;2014;18+;8,2;83;0;1;0;0;1
1366;Elementary;2012;16+;7,9;83;0;1;0;0;1
1367;Veronica Mars;2004;16+;8,3;83;0;1;0;0;1
1368;11.22.63;2016;18+;8,2;83;0;1;0;0;1
1369;Nathan For You;2013;16+;8,9;82;0;1;0;0;1
1370;Mr. Bean;1990;0;8,5;82;0;1;1;0;1
1371;Bones;2005;16+;7,8;82;0;1;1;0;1
1372;The Killing;2011;18+;8,2;82;0;1;0;0;1
1373;Naruto ShippÅ«den;2007;7+;8,6;82;0;1;0;0;1
1374;Burn Notice;2007;7+;7,9;82;0;1;1;0;1
1375;Cosmos;2014;0;9,3;82;0;1;1;1;1
1376;Family Guy;1999;16+;8,1;82;0;1;0;0;1
1377;Cheers;1982;7+;7,9;82;0;1;1;0;1
1378;DAVE;2020;18+;8,3;82;0;1;0;0;1
1379;Misfits;2009;18+;8,2;81;0;1;0;0;1
1380;Peep Show;2003;18+;8,6;81;0;1;1;0;1
1381;Criminal Minds;2005;16+;8;81;0;1;0;0;1
1382;Superstore;2015;16+;7,8;81;0;1;0;0;1
1383;Lie to Me;2009;16+;8;81;0;1;0;0;1
1384;The Orville;2017;16+;8;80;0;1;0;0;1
1385;Preacher;2016;18+;8;80;0;1;1;0;1
1386;12 Monkeys;2015;16+;7,7;80;0;1;0;0;1
1387;Dirk Gently's Holistic Detective Agency;2016;16+;8,3;80;0;1;0;0;1
1388;Smallville;2001;7+;7,5;80;0;1;0;0;1
1389;RuPaul's Drag Race;2009;16+;8,4;80;0;1;0;0;1
1390;Fear the Walking Dead;2015;18+;6,9;80;0;1;0;0;1
1391;Love, Victor;2020;16+;8,1;80;0;1;0;0;1
1392;Cowboy Bebop;1998;16+;8,9;80;0;1;0;0;1
1393;Blue Bloods;2010;16+;7,6;80;0;1;0;0;1
1394;Inside No. 9;2014;18+;8,5;80;0;1;0;0;1
1395;Parenthood;2010;7+;8,2;79;0;1;0;0;1
1396;Desperate Housewives;2004;7+;7,5;79;0;1;0;0;1
1397;Broad City;2014;18+;8,4;79;0;1;0;0;1
1398;Boston Legal;2004;16+;8,4;79;0;1;0;0;1
1399;Revenge;2011;18+;7,8;79;0;1;0;0;1
1400;Samurai Champloo;2004;18+;8,5;79;0;1;0;0;1
1401;Workaholics;2011;16+;8,1;79;0;1;1;0;1
1402;The Act;2019;18+;8;79;0;1;0;0;1
1403;The Fosters;2013;16+;7,9;79;0;1;1;0;1
1404;Younger;2015;16+;7,8;79;0;1;0;0;1
1405;The Good Doctor;2017;16+;8,1;79;0;1;0;0;1
1406;Terminator: The Sarah Connor Chronicles;2008;7+;7,7;79;0;1;0;0;1
1407;Angel;1999;7+;7,9;79;0;1;1;0;1
1408;36900;2018;16+;7,8;79;0;1;0;0;1
1409;Snowfall;2017;18+;8,2;78;0;1;0;0;1
1410;The Venture Bros.;2004;18+;8,5;78;0;1;0;0;1
1411;The Strain;2014;18+;7,3;78;0;1;0;0;1
1412;The Terror;2018;18+;7,9;78;0;1;1;0;1
1413;Zoey's Extraordinary Playlist;2020;16+;8,1;78;0;1;0;0;1
1414;The League;2009;18+;8,2;78;0;1;0;0;1
1415;Key & Peele;2012;18+;8,3;78;0;1;0;0;1
1416;Malcolm in the Middle;2000;7+;8;78;0;1;0;0;1
1417;Dollhouse;2009;16+;7,7;78;0;1;0;0;1
1418;The Great;2020;18+;8,1;78;0;1;0;0;1
1419;My Name Is Earl;2005;16+;7,7;78;0;1;0;0;1
1420;Scandal;2012;16+;7,7;78;0;1;0;0;1
1421;Motherland: Fort Salem;2020;16+;7,2;78;0;1;0;0;1
1422;Awkward.;2011;16+;7,5;78;0;1;0;0;1
1423;Raising Hope;2010;16+;8;78;0;1;0;0;1
1424;Law & Order: Special Victims Unit;1999;16+;8;78;0;1;0;0;1
1425;Castle Rock;2018;18+;7,6;77;0;1;0;0;1
1426;The Last Ship;2014;16+;7,5;77;0;1;0;0;1
1427;Cruel Summer;2021;16+;7,5;77;0;1;1;0;1
1428;Chicago Fire;2012;16+;8;77;0;1;0;0;1
1429;Better Off Ted;2009;7+;8,2;77;0;1;0;0;1
1430;Prodigal Son;2019;16+;7,7;77;0;1;0;0;1
1431;Timeless;2016;7+;7,7;77;0;1;0;0;1
1432;Devs;2020;18+;7,7;77;0;1;0;0;1
1433;You're the Worst;2014;18+;8,1;77;0;1;0;0;1
1434;Elfen Lied;2004;18+;8;77;0;1;1;0;1
1435;Please Like Me;2013;18+;8,5;77;0;1;0;0;1
1436;Lethal Weapon;2016;16+;7,9;77;0;1;0;0;1
1437;The Last Man on Earth;2015;16+;7,3;77;0;1;0;0;1
1438;TRIGUN;1998;16+;8,3;77;0;1;0;0;1
1439;My So-Called Life;1994;16+;8,3;76;0;1;0;0;1
1440;Little Fires Everywhere;2020;18+;7,7;76;0;1;0;0;1
1441;The Librarians;2014;16+;7,3;76;0;1;0;0;1
1442;In the Flesh;2013;18+;8;76;0;1;0;0;1
1443;The Exorcist;2016;16+;8;76;0;1;0;0;1
1444;American Dad!;2005;16+;7,3;76;0;1;0;0;1
1445;Ramy;2019;18+;8,1;76;0;1;0;0;1
1446;Chicago P.D.;2014;16+;8,1;76;0;1;0;0;1
1447;Stargate Atlantis;2004;7+;8,1;76;0;1;1;0;1
1448;Marvel's Runaways;2017;16+;7;76;0;1;0;1;1
1449;Rescue Me;2004;18+;8,3;76;0;1;0;0;1
1450;Shadowhunters;2016;16+;6,6;76;0;1;0;0;1
1451;Everybody Hates Chris;2005;7+;7,4;76;0;1;0;0;1
1452;Stargate Universe;2009;16+;7,6;76;0;1;0;0;1
1453;PEN15;2019;18+;8;76;0;1;0;0;1
1454;My Mad Fat Diary;2013;16+;8,4;76;0;1;0;0;1
1455;RuPaul's Drag Race All Stars;2012;16+;8,5;76;0;1;0;0;1
1456;The Gifted;2017;16+;7,3;75;0;1;0;0;1
1457;Future Man;2017;18+;7,7;75;0;1;0;0;1
1458;Prime Suspect;1991;18+;8,4;75;0;1;0;0;1
1459;Better Things;2016;18+;7,8;75;0;1;0;0;1
1460;Sleepy Hollow;2013;16+;7,4;75;0;1;0;0;1
1461;Regular Show;2010;7+;8,4;75;0;1;0;0;1
1462;M*A*S*H;1972;7+;8,4;75;0;1;0;0;1
1463;Top of the Lake;2013;18+;7,5;75;0;1;0;0;1
1464;Switched at Birth;2011;16+;7,7;75;0;1;0;0;1
1465;Wayward Pines;2015;16+;7,4;75;0;1;0;0;1
1466;Saturday Night Live;1975;16+;8;75;0;1;0;0;1
1467;Dragon Ball Super;2015;7+;8,4;75;0;1;0;0;1
1468;Fresh Off the Boat;2015;7+;7,8;75;0;1;0;0;1
1469;The Mighty Boosh;2004;16+;8,3;75;0;1;0;0;1
1470;Cardinal;2017;18+;7,7;74;0;1;0;0;1
1471;Absolutely Fabulous;1992;16+;8,1;74;0;1;0;0;1
1472;Letterkenny;2016;18+;8,6;74;0;1;0;0;1
1473;Scream Queens;2015;16+;7,1;74;0;1;0;0;1
1474;Wilfred;2011;18+;7,8;74;0;1;0;0;1
1475;Deutschland;2015;18+;8,1;74;0;1;0;0;1
1476;Empire;2015;16+;7,4;74;0;1;0;0;1
1477;Brockmire;2017;18+;8;74;0;1;0;0;1
1478;The Unit;2006;16+;8,1;74;0;1;0;0;1
1479;Genius;2017;16+;8,3;74;1;1;1;1;1
1480;Mayans M.C.;2018;18+;7,6;74;0;1;0;0;1
1481;black-ish;2014;16+;7,1;74;0;1;0;0;1
1482;CSI: Crime Scene Investigation;2000;16+;7,6;74;0;1;0;0;1
1483;Tokyo Ghoul;2014;16+;7,8;74;0;1;0;0;1
1484;MythBusters;2003;7+;8,3;74;0;1;0;0;1
1485;Don't Trust the B---- in Apartment 23;2012;16+;7,3;74;0;1;0;0;1
1486;Sailor Moon;1992;16+;7,8;74;0;1;0;0;1
1487;One Tree Hill;2003;16+;7,7;74;0;1;0;0;1
1488;Nip/Tuck;2003;18+;7,6;74;0;1;0;0;1
1489;Looking for Alaska;2019;18+;8,1;74;0;1;0;0;1
1490;New Amsterdam;2018;16+;8,1;74;0;1;0;0;1
1491;The Golden Girls;1985;7+;8;74;0;1;0;0;1
1492;Cougar Town;2009;7+;7;73;0;1;1;0;1
1493;The Purge;2018;18+;6,5;73;0;1;0;0;1
1494;Catch-22;2019;18+;7,8;73;0;1;1;0;1
1495;The Rookie;2018;16+;8;73;0;1;0;1;1
1496;Married... with Children;1987;7+;8;73;0;1;0;0;1
1497;The Looming Tower;2018;18+;8;73;0;1;0;0;1
1498;Blindspot;2015;16+;7,4;73;0;1;0;0;1
1499;Steven Universe;2013;7+;8,2;73;0;1;0;0;1
1500;Nashville;2012;7+;7,7;73;0;1;0;0;1
1501;Salem;2014;18+;7,2;73;0;1;0;0;1
1502;The Mindy Project;2012;7+;7,4;73;0;1;0;0;1
1503;Mrs. America;2020;18+;7,9;73;0;1;0;0;1
1504;The Middle;2009;7+;7,6;73;0;1;0;0;1
1505;Roseanne;1988;7+;7;73;0;1;1;0;1
1506;Black Clover;2017;16+;8,3;73;0;1;0;0;1
1507;Witches of East End;2013;16+;7,6;73;0;1;0;0;1
1508;Whitechapel;2009;7+;7,9;73;0;1;0;0;1
1509;Stumptown;2019;16+;7,5;73;0;1;0;0;1
1510;I Love Lucy;1951;0;8,4;72;0;1;0;0;1
1511;Harlots;2017;18+;7,7;72;0;1;0;0;1
1512;UnREAL;2015;16+;7,8;72;0;1;0;0;1
1513;The Wonder Years;1988;7+;8,3;72;0;1;0;0;1
1514;Graceland;2013;16+;7,7;72;0;1;0;0;1
1515;Anthony Bourdain: No Reservations;2005;7+;8,5;72;0;1;0;0;1
1516;Ugly Betty;2006;7+;6,5;72;0;1;0;0;1
1517;Marvel's Cloak & Dagger;2018;16+;6,7;72;0;1;0;0;1
1518;The Bold Type;2017;16+;7,9;72;0;1;0;0;1
1519;The Resident;2018;16+;7,7;72;0;1;1;0;1
1520;Dragon Ball;1996;16+;8,5;72;0;1;0;0;1
1521;The Goldbergs;2013;7+;8,1;72;0;1;0;0;1
1522;Terriers;2010;18+;8,4;72;0;1;0;0;1
1523;American Horror Stories;2021;18+;6,5;72;0;1;0;0;1
1524;ER;1994;16+;7,7;72;0;1;0;0;1
1525;Fairy Tail;2009;16+;8;72;0;1;0;0;1
1526;Bunheads;2012;16+;7,6;72;0;1;0;0;1
1527;High Fidelity;2020;18+;7,7;72;0;1;0;0;1
1528;Horace and Pete;2016;18+;8,5;72;0;1;0;0;1
1529;The Amazing World of Gumball;2011;7+;8,2;71;0;1;0;0;1
1530;Blackadder;1983;7+;8;71;0;1;1;0;1
1531;Hell's Kitchen;2005;16+;7,1;71;0;1;1;0;1
1532;Robot Chicken;2005;18+;7,7;71;0;1;0;0;1
1533;People of Earth;2016;18+;7,7;71;0;1;0;0;1
1534;Boruto: Naruto Next Generations;2017;16+;7;71;0;1;0;0;1
1535;The Musketeers;2014;16+;7,8;71;0;1;0;0;1
1536;Sesame Street;1969;0;8,1;71;0;1;1;0;1
1537;Shrill;2019;18+;7,4;71;0;1;0;0;1
1538;LEGO Masters;2020;7+;7,4;71;0;1;0;0;1
1539;Good Behavior;2016;18+;8,1;71;0;1;0;0;1
1540;Murdoch Mysteries;2008;7+;8,1;71;0;1;0;0;1
1541;Full House;1987;0;6,7;71;0;1;0;0;1
1542;Mom;2013;16+;7,2;71;1;1;0;0;1
1543;Will & Grace;1998;16+;7,2;71;0;1;0;0;1
1544;King of the Hill;1997;7+;7,3;71;0;1;0;0;1
1545;Doc Martin;2004;7+;8,3;71;0;1;0;0;1
1546;Impractical Jokers;2011;16+;8,6;71;0;1;0;0;1
1547;Debris;2021;16+;6,5;71;0;1;0;0;1
1548;Solar Opposites;2020;18+;8;70;0;1;0;0;1
1549;Trust;2018;18+;7,6;70;0;1;0;0;1
1550;SIX;2017;18+;7,3;70;0;1;0;0;1
1551;Last Man Standing;2011;7+;7,5;70;0;1;0;0;1
1552;Body of Proof;2011;16+;7,1;70;0;1;0;0;1
1553;The Hitchhiker's Guide to the Galaxy;1981;7+;8;70;0;1;1;0;1
1554;Afro Samurai;2007;18+;7,7;70;0;1;0;0;1
1555;S.W.A.T.;2017;16+;7;70;0;1;0;0;1
1556;A Million Little Things;2018;16+;7,9;70;0;1;0;0;1
1557;For Life;2020;16+;7,6;70;0;1;0;0;1
1558;Battlestar Galactica;1978;7+;7,2;70;0;1;0;0;1
1559;Alfred Hitchcock Presents;1955;16+;8,5;70;0;1;0;0;1
1560;Flashpoint;2008;16+;7,7;70;0;1;1;0;1
1561;The Detour;2016;18+;7,7;70;0;1;0;0;1
1562;Greek;2007;16+;7,5;70;0;1;0;0;1
1563;Casual;2015;18+;7,5;70;0;1;0;0;1
1564;Mary Kills People;2017;18+;7,5;70;0;1;0;0;1
1565;Mushi-Shi;2005;16+;8,5;70;0;1;1;0;1
1566;Baskets;2016;18+;7,6;70;0;1;0;0;1
1567;Touch;2012;16+;7,3;70;0;1;1;0;1
1568;Rurouni Kenshin;1996;16+;8,5;70;0;1;1;0;1
1569;Big Sky;2020;16+;6,7;70;0;1;1;0;1
1570;The Wrong Mans;2013;18+;7,8;70;0;1;0;0;1
1571;Chance;2016;18+;7,7;69;0;1;0;0;1
1572;The Split;2018;18+;7,7;69;0;1;0;0;1
1573;Make It or Break It;2009;16+;7,5;69;0;1;0;0;1
1574;Das Boot;2018;18+;7,4;69;0;1;0;0;1
1575;Legit;2013;18+;8,2;69;0;1;0;0;1
1576;Breeders;2020;18+;7,4;69;0;1;0;0;1
1577;Queen Sugar;2016;16+;7,6;69;0;1;0;0;1
1578;Drake & Josh;2004;0;7,7;69;0;1;0;0;1
1579;MasterChef;2010;16+;7,3;69;0;1;0;0;1
1580;Young Rock;2021;16+;7,1;69;0;1;0;0;1
1581;The Eric Andre Show;2012;18+;8,6;69;0;1;0;0;1
1582;Animaniacs;1993;0;7,9;69;0;1;0;0;1
1583;Man Seeking Woman;2015;18+;7,8;69;0;1;0;0;1
1584;Pretty Little Liars: The Perfectionists;2019;16+;7;69;0;1;0;0;1
1585;Yu Yu Hakusho;1992;16+;8,4;69;0;1;0;0;1
1586;Lodge 49;2018;16+;7,7;69;0;1;0;0;1
1587;I Am the Night;2019;18+;7;69;0;1;0;0;1
1588;Hey Arnold!;1996;0;7,6;69;0;1;0;0;1
1589;NOS4A2;2019;16+;6,7;69;0;1;0;0;1
1590;The Glades;2010;16+;7,4;69;0;1;0;0;1
1591;The Bridge;2013;18+;7,6;69;1;1;0;0;1
1592;Underground;2016;18+;7,8;69;0;1;1;0;1
1593;A Teacher;2020;18+;6,9;69;0;1;0;0;1
1594;Danny Phantom;2004;7+;7,1;69;0;1;0;0;1
1595;Sliders;1995;7+;7,4;69;0;1;0;0;1
1596;30 for 30;2009;7+;8,8;69;0;1;0;0;1
1597;Life in Pieces;2015;16+;8;69;0;1;1;0;1
1598;The Amazing Race;2001;7+;7,6;68;0;1;1;0;1
1599;Pitch;2016;16+;7,4;68;0;1;0;0;1
1600;Numb3rs;2005;7+;6,9;68;0;1;0;0;1
1601;Roswell;1999;16+;7,5;68;0;1;0;0;1
1602;Tyrant;2014;18+;7,8;68;0;1;0;0;1
1603;Legends;2014;16+;7,5;68;0;1;0;0;1
1604;Angie Tribeca;2016;16+;7;68;0;1;0;0;1
1605;FLCL;2000;18+;8,2;68;0;1;0;0;1
1606;Rugrats;1991;0;7,4;68;0;1;0;0;1
1607;Fosse/Verdon;2019;18+;7,9;68;0;1;0;0;1
1608;Assassination Classroom;2015;16+;8;68;0;1;0;0;1
1609;Top Chef;2006;16+;7,6;68;0;1;0;0;1
1610;Ghost Whisperer;2005;7+;6,4;68;0;1;1;0;1
1611;Darker than Black;2007;16+;7,7;68;0;1;1;0;1
1612;Kaguya-sama: Love is War;2019;16+;8,4;68;0;1;0;0;1
1613;Ally McBeal;1997;16+;6,8;68;0;1;0;0;1
1614;Everything's Gonna Be Okay;2020;16+;7,3;68;0;1;0;0;1
1615;Psycho-Pass;2012;18+;8,2;68;0;1;1;0;1
1616;The Powerpuff Girls;1998;7+;7,3;68;0;1;0;0;1
1617;Beverly Hills, 90210;1990;16+;6,4;68;0;1;0;0;1
1618;Friday Night Dinner;2011;18+;8,1;68;0;1;0;0;1
1619;Wu-Tang: An American Saga;2019;18+;8,2;68;0;1;0;0;1
1620;Hellsing Ultimate;2006;18+;8,3;68;0;1;0;0;1
1621;Claws;2017;18+;7,4;68;0;1;0;0;1
1622;Marvel's M.O.D.O.K.;2021;18+;6,3;68;0;1;0;0;1
1623;Shark Tank;2009;7+;7,6;68;0;1;0;0;1
1624;Ghost Adventures;2008;13+;7,5;67;0;1;0;0;1
1625;Miranda;2009;7+;8,2;67;0;1;0;0;1
1626;Making It;2018;7+;7,9;67;0;1;0;0;1
1627;The Son;2017;16+;7,5;67;1;1;0;0;1
1628;10 Things I Hate About You;2009;16+;7,3;67;0;1;0;1;1
1629;Good Trouble;2019;16+;7,5;67;0;1;0;0;1
1630;Ben 10;2005;7+;7,3;67;0;1;0;0;1
1631;The Mick;2017;16+;7,8;67;0;1;0;0;1
1632;WWE Raw;1993;7+;7,8;67;0;1;0;0;1
1633;Party of Five;1994;7+;6,8;67;0;1;0;0;1
1634;Overlord;2015;18+;7,8;67;0;1;0;0;1
1635;The Path;2016;18+;7,3;67;0;1;0;0;1
1636;Descendants of the Sun;2016;16+;8,3;67;0;1;1;0;1
1637;Single Parents;2018;7+;7,1;67;0;1;0;0;1
1638;Deadliest Catch;2005;16+;7,8;67;0;1;0;0;1
1639;Gangland Undercover;2015;16+;8,2;67;0;1;0;0;1
1640;ThunderCats;1985;7+;7,9;67;0;1;0;0;1
1641;Shiki;2010;18+;7,7;67;0;1;0;0;1
1642;Rascal Does Not Dream of Bunny Girl Senpai;2018;16+;8,2;67;0;1;0;0;1
1643;Jane Eyre;2006;7+;8,3;67;0;1;1;0;1
1644;Kitchen Nightmares;2007;16+;7,5;67;0;1;0;0;1
1645;Devious Maids;2013;7+;7,8;67;0;1;0;0;1
1646;My Wife and Kids;2001;7+;6,8;67;0;1;0;0;1
1647;Star vs. the Forces of Evil;2015;7+;8;67;0;1;0;1;1
1648;Dark Side of the Ring;2019;16+;8,8;67;0;1;0;0;1
1649;High School DxD;2012;18+;7,6;67;0;1;0;0;1
1650;Transplant;2020;16+;7,9;67;0;1;0;0;1
1651;Apple Tree Yard;2017;16+;7,2;67;0;1;0;0;1
1652;9-1-1: Lone Star;2020;16+;6,8;67;0;1;0;0;1
1653;Fruits Basket;2019;7+;8,6;66;0;1;0;0;1
1654;Siren;2018;7+;7;66;0;1;0;0;1
1655;Holey Moley;2019;7+;6,9;66;0;1;0;0;1
1656;Diabolik Lovers;2013;16+;5,2;66;0;1;0;0;1
1657;Baby Daddy;2012;16+;7,4;66;0;1;0;0;1
1658;Digimon Adventure;1999;7+;7,3;66;0;1;0;0;1
1659;The Long Road Home;2017;18+;7,5;66;0;1;0;0;1
1660;Black Lagoon;2006;18+;8;66;0;1;0;0;1
1661;Taken;2017;18+;6,6;66;0;1;0;0;1
1662;Walker;2021;16+;5,9;66;0;1;0;0;1
1663;Catfish: The TV Show;2012;16+;7,1;66;0;1;0;0;1
1664;Treadstone;2019;18+;7;66;0;1;0;0;1
1665;The Incredible Hulk;1977;7+;7;66;0;1;0;1;1
1666;Sabrina, the Teenage Witch;1996;0;6,7;66;0;1;0;0;1
1667;X-Men: Evolution;2000;7+;7,8;66;0;1;0;1;1
1668;Death Parade;2015;18+;7,9;66;0;1;0;0;1
1669;NEXT;2020;16+;6,7;66;0;1;1;0;1
1670;The Pink Panther;1964;0;7,6;66;0;1;1;0;1
1671;Golden Time;2013;16+;7,6;66;0;1;0;0;1
1672;Dollface;2019;18+;7,4;66;0;1;0;0;1
1673;Taxi;1978;7+;7,7;66;0;1;0;0;1
1674;Being Mary Jane;2014;16+;7,5;66;0;1;0;0;1
1675;Drunk History;2013;16+;7,8;65;0;1;0;0;1
1676;Twisted;2013;16+;7,3;65;0;1;0;0;1
1677;Brothers and Sisters;2006;16+;7,3;65;0;1;0;0;1
1678;Breakout Kings;2011;16+;7,3;65;0;1;0;0;1
1679;Scott & Bailey;2011;7+;8;65;0;1;0;0;1
1680;Little Britain;2003;18+;7,6;65;0;1;0;0;1
1681;Law & Order: Organized Crime;2021;16+;7,6;65;0;1;0;0;1
1682;Pinky and the Brain;1995;7+;7,8;65;0;1;0;0;1
1683;Ergo Proxy;2006;18+;8;65;0;1;0;0;1
1684;Noragami;2014;16+;7,9;65;0;1;0;0;1
1685;Primeval;2007;16+;7,3;65;0;1;0;0;1
1686;Face Off;2011;7+;8,2;65;0;1;0;0;1
1687;Love Island;2015;18+;5,2;65;0;1;0;0;1
1688;Highlander: The Series;1992;16+;7,2;65;0;1;0;0;1
1689;Prison School;2015;18+;7,6;65;0;1;0;0;1
1690;Good Luck Charlie;2010;0;7;65;0;1;0;1;1
1691;Medium;2005;16+;7;65;0;1;0;0;1
1692;Fire Force;2019;16+;7,7;65;0;1;0;0;1
1693;Second Chance;2016;16+;7,5;65;0;1;0;0;1
1694;American Housewife;2016;7+;7,4;65;0;1;0;0;1
1695;The First;2018;18+;6,7;65;0;1;0;0;1
1696;Reprisal;2019;18+;7,5;65;0;1;0;0;1
1697;Mushoku Tensei: Jobless Reincarnation;2021;16+;8,3;64;0;1;0;0;1
1698;The Kids Are Alright;2018;7+;7,9;64;0;1;0;0;1
1699;Remington Steele;1982;7+;7,2;64;0;1;0;0;1
1700;Saved by the Bell;1989;0;7;64;0;1;0;0;1
1701;The Fades;2011;18+;7,7;64;0;1;0;0;1
1702;My Teen Romantic Comedy SNAFU;2013;16+;7,9;64;0;1;0;0;1
1703;Station 19;2018;16+;6,7;64;0;1;0;0;1
1704;New Tricks;2003;7+;7,8;64;0;1;0;0;1
1705;The Mary Tyler Moore Show;1970;7+;8,1;64;0;1;0;0;1
1706;Hill Street Blues;1981;16+;8,1;64;0;1;0;0;1
1707;Monster Musume: Everyday Life with Monster Girls;2015;18+;6,7;64;0;1;0;0;1
1708;The Conners;2018;7+;5,3;64;0;1;0;0;1
1709;NYPD Blue;1993;16+;7,6;64;0;1;1;0;1
1710;CSI: Miami;2002;16+;6,4;64;0;1;0;0;1
1711;Metalocalypse;2006;18+;8,2;64;0;1;0;0;1
1712;America's Got Talent;2006;7+;5,8;64;0;1;0;0;1
1713;Fixer Upper;2013;0;8,2;64;0;1;0;0;1
1714;DCI Banks;2011;16+;7,6;64;0;1;0;0;1
1715;The Future Diary;2011;18+;7,6;64;0;1;0;0;1
1716;Childrens Hospital;2008;18+;7,8;64;0;1;0;0;1
1717;The First 48;2004;18+;8,2;64;0;1;0;0;1
1718;Chopped;2009;0;7,5;64;0;1;0;0;1
1719;Sense and Sensibility;2008;16+;8;64;0;1;1;0;1
1720;House Hunters;1999;0;8,1;64;0;1;0;0;1
1721;Teenage Mutant Ninja Turtles;2012;7+;7,8;64;0;1;0;0;1
1722;Monogatari;2009;16+;8;64;0;1;0;0;1
1723;Clique;2017;18+;7;63;0;1;0;0;1
1724;Atlantis;2013;7+;6,6;63;0;1;0;0;1
1725;Travel Man: 48 Hours in...;2015;7+;8,3;63;0;1;0;0;1
1726;Chowder;2007;7+;7,3;63;0;1;0;0;1
1727;The Hardy Boys;2020;7+;7;63;0;1;0;0;1
1728;Shots Fired;2017;16+;6,5;63;0;1;0;0;1
1729;The Familiar of Zero;2006;16+;7;63;0;1;0;0;1
1730;The Brady Bunch;1969;0;6,7;63;0;1;0;0;1
1731;Four Weddings and a Funeral;2019;18+;7,2;63;0;1;0;0;1
1732;Hamilton's Pharmacopeia;2016;18+;8,9;63;0;1;0;0;1
1733;The New York Times Presents;2020;18+;6,7;63;0;1;0;0;1
1734;What's Wrong with Secretary Kim;2018;0;8,1;63;0;1;0;0;1
1735;The Great North;2021;16+;6,5;63;0;1;0;0;1
1736;The Ultimate Fighter;2005;16+;7,8;63;0;1;0;0;1
1737;Tiny Toon Adventures;1990;0;7,5;63;0;1;0;0;1
1738;Foster's Home for Imaginary Friends;2004;7+;7,6;63;0;1;0;0;1
1739;The Tonight Show Starring Jimmy Fallon;2014;16+;7,2;63;0;1;0;0;1
1740;Barkskins;2020;18+;7,3;63;0;1;0;0;1
1741;River Monsters;2009;7+;8,1;63;0;1;1;0;1
1742;The Dick Van Dyke Show;1961;0;8,3;63;0;1;0;0;1
1743;Yu-Gi-Oh! GX;2004;0;6,8;63;0;1;0;0;1
1744;Highschool of the Dead;2010;18+;7,2;63;0;1;0;0;1
1745;The Marvelous Misadventures of Flapjack;2008;7+;7,8;63;0;1;0;0;1
1746;Difficult People;2015;18+;7;63;0;1;0;0;1
1747;Reba;2001;7+;6,5;63;0;1;0;0;1
1748;The Event;2010;16+;7;62;0;1;0;0;1
1749;American Gothic;1995;7+;8,1;62;0;1;0;0;1
1750;Garfield and Friends;1988;7+;7,3;62;0;1;0;0;1
1751;Home Economics;2021;7+;6,2;62;0;1;0;0;1
1752;Clannad After Story;2009;7+;8,6;62;0;1;0;0;1
1753;Bless This Mess;2019;7+;6,9;62;0;1;0;0;1
1754;Horrible Histories;2009;7+;8,8;62;0;1;1;0;1
1755;grown-ish;2018;16+;6,4;62;0;1;0;0;1
1756;Duncanville;2020;16+;6;62;0;1;0;0;1
1757;The Guest Book;2017;18+;7,2;62;0;1;0;0;1
1758;Speechless;2016;7+;7,6;62;0;1;0;0;1
1759;Intervention;2005;16+;7,8;62;0;1;0;0;1
1760;K.C. Undercover;2015;0;6,2;62;0;1;0;1;1
1761;The Three Stooges;1934;0;8,6;62;0;1;0;0;1
1762;Dragon Ball GT;1996;7+;6,8;62;0;1;0;0;1
1763;Melissa & Joey;2010;16+;7;62;0;1;0;0;1
1764;The Bob Newhart Show;1972;0;8,1;62;0;1;0;0;1
1765;General Hospital;1963;16+;6,5;62;0;1;0;0;1
1766;Lupin the Third;1971;16+;7,9;62;0;1;0;0;1
1767;Charlotte;2015;16+;7,6;62;0;1;0;0;1
1768;Mr. Mayor;2021;16+;6,3;62;0;1;0;0;1
1769;Murder in the First;2014;18+;7,3;62;0;1;0;0;1
1770;Jersey Shore: Family Vacation;2018;16+;6,6;62;0;1;0;0;1
1771;Family Matters;1989;0;6,6;62;0;1;0;0;1
1772;24: Legacy;2017;16+;6,2;62;0;1;0;0;1
1773;American Ninja Warrior;2009;7+;6,8;62;0;1;0;0;1
1774;Seraph of the End;2015;13+;7,5;62;0;1;0;0;1
1775;Brickleberry;2012;18+;7,3;62;0;1;0;0;1
1776;Ghosted;2017;7+;6,3;62;0;1;0;0;1
1777;Saving Hope;2012;16+;7,5;62;0;1;0;0;1
1778;Married at First Sight;2014;7+;6,2;61;0;1;1;0;1
1779;The Voice;2011;7+;6,5;61;0;1;0;0;1
1780;Wings;1990;7+;7,2;61;0;1;0;0;1
1781;American Pickers;2010;7+;7;61;0;1;0;0;1
1782;Nightwatch;2015;16+;8,8;61;0;1;1;0;1
1783;Gold Rush;2010;7+;7,3;61;0;1;0;0;1
1784;The Riches;2007;18+;7,8;61;0;1;0;0;1
1785;Lark Rise to Candleford;2008;7+;8,1;61;0;1;0;0;1
1786;Stan Against Evil;2016;16+;7,3;61;0;1;0;0;1
1787;Homicide Hunter: Lt Joe Kenda;2011;16+;8,8;61;0;1;0;0;1
1788;RuPaul's Drag Race: Untucked;2010;16+;7,8;61;0;1;0;0;1
1789;The Carmichael Show;2015;7+;7,7;61;0;1;0;0;1
1790;Moone Boy;2012;16+;8,1;61;0;1;0;0;1
1791;Tyler Perry's The Haves and the Have Nots;2013;16+;6;61;0;1;0;0;1
1792;Perfect Strangers;1986;7+;7,2;61;0;1;1;0;1
1793;The Practice;1997;16+;7,7;61;0;1;0;0;1
1794;Light as a Feather;2018;16+;6,6;61;0;1;0;0;1
1795;Burden of Truth;2018;16+;7,3;61;0;1;0;0;1
1796;Mister Ed;1961;0;7;61;0;1;0;0;1
1797;Kamisama Kiss;2012;7+;8,1;61;0;1;0;0;1
1798;Mike Tyson Mysteries;2014;16+;8,1;61;0;1;0;0;1
1799;American Gladiators;1988;7+;6,5;61;0;1;0;0;1
1800;My Life as a Teenage Robot;2003;0;6,9;60;0;1;0;0;1
1801;Felicity;1998;16+;6,8;60;0;1;0;0;1
1802;Expedition Unknown;2015;7+;8,2;60;0;1;0;0;1
1803;Rosewood;2015;16+;6,7;60;0;1;0;0;1
1804;The Guardian;2001;7+;7,4;60;0;1;1;0;1
1805;Jeremiah;2002;18+;7;60;0;1;1;0;1
1806;The Secret of Skinwalker Ranch;2020;7+;6,1;60;0;1;0;0;1
1807;Dharma & Greg;1997;16+;6,3;60;0;1;0;0;1
1808;The Real Housewives of Beverly Hills;2010;16+;5,1;60;0;1;0;0;1
1809;The Fall Guy;1981;16+;7;60;0;1;0;0;1
1810;Sealab 2021;2000;16+;7,9;60;0;1;1;0;1
1811;The Incredible Dr. Pol;2011;7+;8,6;60;0;1;0;1;1
1812;Whose Line Is It Anyway? (UK);1988;7+;8,2;60;0;1;0;0;1
1813;The Fruit of Grisaia;2014;18+;7,1;60;0;1;0;0;1
1814;St. Elsewhere;1982;7+;7,9;60;0;1;0;0;1
1815;Ben 10: Omniverse;2012;7+;6;60;0;1;0;0;1
1816;Naked and Afraid;2013;16+;6,6;60;0;1;0;0;1
1817;Woke;2020;18+;6,4;60;0;1;0;0;1
1818;Mr. Pickles;2014;18+;7,4;60;0;1;0;0;1
1819;The Moodys;2019;16+;6,8;60;0;1;0;0;1
1820;Being Erica;2009;16+;7,5;60;0;1;1;0;1
1821;Dual Survival;2010;16+;7,5;60;0;1;0;0;1
1822;Dimension 404;2017;16+;6,6;60;0;1;0;0;1
1823;Diff'rent Strokes;1978;0;6,6;60;0;1;0;0;1
1824;Bad Banks;2018;7+;7,9;60;0;1;0;0;1
1825;Kojak;1973;16+;7,1;60;0;1;0;0;1
1826;Robin of Sherwood;1984;7+;8,5;60;0;1;1;0;1
1827;Ranma Â½;1989;16+;7,9;60;0;1;0;0;1
1828;McLeod's Daughters;2001;16+;7,2;60;0;1;0;0;1
1829;Life Below Zero;2013;7+;8;60;0;1;0;1;1
1830;mixed-ish;2019;7+;6,2;60;0;1;0;0;1
1831;Mountain Men;2012;7+;7,3;60;0;1;0;0;1
1832;Baywatch;1989;7+;5,3;60;0;1;1;0;1
1833;Shut Eye;2016;18+;7,3;59;0;1;0;0;1
1834;Dietland;2018;18+;6,5;59;0;1;0;0;1
1835;Yona of the Dawn;2014;16+;8,1;59;0;1;0;0;1
1836;The Hustler;2021;7+;7,7;59;0;1;0;0;1
1837;Man v. Food;2008;0;7,3;59;0;1;0;0;1
1838;Teen Titans Go!;2013;7+;5,4;59;0;1;0;0;1
1839;Designing Women;1986;7+;7,1;59;0;1;0;0;1
1840;Into the Dark;2018;18+;6,4;59;0;1;0;0;1
1841;Mobile Suit Gundam Wing;2000;13+;8,1;59;0;1;0;0;1
1842;Damien;2016;16+;6,9;59;0;1;0;0;1
1843;Mistresses;2013;16+;7,1;59;0;1;0;0;1
1844;The Lord of the Skies;2013;16+;6,8;59;0;1;0;0;1
1845;Snow White with the Red Hair;2015;16+;7,8;59;0;1;0;0;1
1846;The Masked Singer;2019;7+;6;59;0;1;0;0;1
1847;Danganronpa: The Animation;2013;18+;6,9;59;0;1;0;0;1
1848;Hellsing;2001;18+;7,9;59;0;1;0;0;1
1849;Fate/stay night;2006;18+;7,3;59;0;1;0;0;1
1850;Uncle;2014;16+;7,9;59;0;1;0;0;1
1851;Deadly Women;2005;16+;8;59;0;1;1;0;1
1852;Ironside;1967;7+;6,9;59;0;1;0;0;1
1853;D.Gray-man;2006;16+;7,7;59;0;1;0;0;1
1854;Space Dandy;2014;16+;8,1;59;0;1;0;0;1
1855;Songland;2019;7+;8;59;0;1;0;0;1
1856;Running Wild with Bear Grylls;2014;7+;7,7;59;0;1;0;1;1
1857;Living Single;1993;7+;7,5;59;0;1;0;0;1
1858;My 600-lb Life;2012;16+;6,6;59;0;1;0;0;1
1859;Naked and Afraid XL;2015;16+;7,4;59;0;1;0;0;1
1860;Popeye the Sailor;1960;0;7,1;59;0;1;0;0;1
1861;The Thundermans;2013;0;5,8;59;0;1;0;0;1
1862;90 Day FiancÃ©;2014;16+;6,4;59;0;1;0;0;1
1863;Duck Dynasty;2012;7+;6,2;59;0;1;0;0;1
1864;No Man's Land;2020;16+;7,7;59;0;1;0;0;1
1865;Upstairs Downstairs;2010;7+;7,4;59;0;1;0;0;1
1866;The Bastard Executioner;2015;18+;6,2;59;0;1;0;0;1
1867;The Food That Built America;2019;7+;8,5;59;0;1;0;0;1
1868;Star;2016;16+;6,7;59;0;1;0;0;1
1869;Saving Grace;2007;18+;7,6;59;0;1;0;0;1
1870;Full Metal Panic!;2002;16+;7,7;58;0;1;0;0;1
1871;America's Funniest Home Videos;1989;7+;6,2;58;0;1;0;1;1
1872;Log Horizon;2013;16+;7,7;58;0;1;0;0;1
1873;Son of Zorn;2016;16+;6,8;58;0;1;0;0;1
1874;Him & Her;2010;16+;7,8;58;0;1;0;0;1
1875;World Trigger;2014;16+;7,5;58;0;1;0;0;1
1876;Clarence;2014;7+;6,6;58;0;1;0;0;1
1877;Kenan;2021;7+;5,6;58;0;1;0;0;1
1878;Mayo Chiki!;2011;18+;7;58;0;1;0;0;1
1879;Haven't You Heard? I'm Sakamoto;2016;16+;7,2;58;0;1;0;0;1
1880;Hard Sun;2018;18+;6,6;58;0;1;0;0;1
1881;Dance Moms;2011;7+;4,7;58;0;1;0;0;1
1882;Gordon Ramsay's 24 Hours to Hell and Back;2018;16+;7,3;58;0;1;0;0;1
1883;X Company;2015;16+;7,7;58;0;1;0;0;1
1884;Step by Step;1991;0;6,5;58;0;1;0;0;1
1885;Housebroken;2021;16+;5,9;58;0;1;0;0;1
1886;Jimmy Kimmel Live!;2003;16+;6,5;58;0;1;0;0;1
1887;The Cleveland Show;2009;16+;5,5;58;0;1;0;0;1
1888;Dice;2016;18+;7,5;58;0;1;0;0;1
1889;Primeval: New World;2012;16+;6,6;58;0;1;0;0;1
1890;7th Heaven;1996;7+;5,2;58;0;1;1;0;1
1891;Cutthroat Kitchen;2013;0;7,3;58;0;1;0;0;1
1892;Married;2014;18+;7,1;58;0;1;0;0;1
1893;Land of Honor;2014;16+;8;58;0;1;0;0;1
1894;The UnXplained;2019;16+;7,3;58;0;1;0;0;1
1895;Deadbeat;2014;16+;7,4;58;0;1;0;0;1
1896;Alone Together;2018;16+;6,5;58;0;1;0;0;1
1897;Chivalry of a Failed Knight;2015;18+;7,4;58;0;1;0;0;1
1898;Intruders;2014;18+;6,7;58;0;1;1;0;1
1899;Kimi ni Todoke: From Me to You;2009;0;7,8;58;0;1;0;0;1
1900;WWE Friday Night SmackDown;1999;7+;7,3;58;0;1;0;0;1
1901;Coronation Street;1960;7+;5,6;58;0;1;0;0;1
1902;Dirty Sexy Money;2007;7+;7,2;58;0;1;0;0;1
1903;Kenichi: The Mightiest Disciple;2006;16+;8,2;58;0;1;1;0;1
1904;Archangel;2005;18+;6,5;58;0;1;0;0;1
1905;Persona 4 The Animation;2011;7+;7,6;58;0;1;0;0;1
1906;Melrose Place;1992;16+;5,8;57;0;1;1;0;1
1907;SHIMONETA: A Boring World Where the Concept of Dirty Jokes Doesn't Exist;2015;18+;7;57;0;1;0;0;1
1908;Restaurant: Impossible;2011;0;6,9;57;0;1;0;0;1
1909;Alias Smith and Jones;1971;7+;7,6;57;0;1;0;0;1
1910;Justice League Action;2016;7+;7,6;57;0;1;0;0;1
1911;Packed to the Rafters;2008;18+;7,4;57;0;1;0;0;1
1912;Oh My Venus;2015;16+;7,8;57;0;1;0;0;1
1913;Banished;2015;18+;7,4;57;0;1;1;0;1
1914;Bizarre Foods with Andrew Zimmern;2006;7+;7,7;57;0;1;0;0;1
1915;Blood Blockade Battlefront;2015;18+;7,3;57;0;1;0;0;1
1916;Curious George;2006;0;7,2;57;0;1;0;0;1
1917;Guilty Crown;2011;16+;7,1;57;0;1;0;0;1
1918;Outlaw Star;1998;16+;7,9;57;0;1;0;0;1
1919;The Real Housewives of New York City;2008;16+;4,5;57;0;1;0;0;1
1920;Storage Wars;2010;7+;6,3;57;0;1;1;0;1
1921;Bluff City Law;2019;16+;6,8;57;0;1;0;0;1
1922;Bad Girls Club;2006;16+;4,7;57;0;1;0;0;1
1923;McHale's Navy;1962;0;7,4;57;0;1;0;0;1
1924;Doogie Howser, M.D.;1989;7+;6,5;57;0;1;0;0;1
1925;House Hunters International;2006;0;7;57;0;1;0;0;1
1926;Shark;2006;16+;7,1;57;0;1;0;0;1
1927;Sasquatch;2021;18+;6,2;57;0;1;0;0;1
1928;The Electric Company;1971;0;8,1;57;0;1;1;0;1
1929;Akudama Drive;2020;18+;7,5;57;0;1;0;0;1
1930;Love & Hip Hop Atlanta;2012;16+;5,5;57;0;1;0;0;1
1931;Alaska: The Last Frontier;2011;16+;7,7;57;0;1;0;0;1
1932;Sonic Boom;2014;7+;6,9;57;0;1;0;0;1
1933;Graves;2016;18+;6,6;57;0;1;0;0;1
1934;Locked Up Abroad;2008;16+;8,2;56;0;1;0;0;1
1935;School Rumble;2004;7+;7,8;56;0;1;0;0;1
1936;Princess Tutu;2002;16+;8,1;56;0;1;1;0;1
1937;Date a Live;2013;16+;7;56;0;1;0;0;1
1938;Devil May Cry;2007;16+;7,1;56;0;1;0;0;1
1939;MasterChef Junior;2013;0;6,7;56;0;1;0;0;1
1940;Utopia Falls;2020;7+;5,4;56;0;1;0;0;1
1941;Fear Factor;2001;7+;5,6;56;0;1;0;0;1
1942;Hellevator;2015;18+;6,1;56;0;1;0;0;1
1943;Aesthetica of a Rogue Hero;2012;18+;7,1;56;0;1;0;0;1
1944;Drugs, Inc.;2010;16+;7,8;56;0;1;0;0;1
1945;Pure;2017;18+;7;56;0;1;0;0;1
1946;Dr. Pimple Popper;2018;16+;6,6;56;0;1;0;0;1
1947;The Biggest Loser;2004;7+;5,4;56;0;1;0;0;1
1948;Filthy Rich;2020;16+;6,2;56;0;1;0;0;1
1949;Grimgar of Fantasy and Ash;2016;16+;7,4;56;0;1;0;0;1
1950;Bless the Harts;2019;16+;5,4;56;0;1;0;0;1
1951;Celebrity Family Feud;2008;7+;6,3;56;0;1;0;0;1
1952;xxxHOLiC;2006;16+;7,7;56;0;1;0;0;1
1953;Paradox;2009;16+;7;56;1;1;1;0;1
1954;Worst Cooks in America;2010;0;6,4;56;0;1;0;0;1
1955;Keeping Up with the Kardashians;2007;16+;2,8;56;0;1;0;0;1
1956;Blossom;1990;0;6;56;0;1;0;0;1
1957;Taste the Nation with Padma Lakshmi;2020;16+;8,4;56;0;1;0;0;1
1958;Digimon Tamers;2001;7+;7,7;56;0;1;0;0;1
1959;BOFURI: I Donâ€™t Want to Get Hurt, so Iâ€™ll Max Out My Defense.;2020;16+;7,5;56;0;1;0;0;1
1960;Cake Boss;2009;7+;6,6;56;0;1;0;0;1
1961;Tyler Perry's If Loving You Is Wrong;2014;16+;5,8;56;0;1;0;0;1
1962;Plastic Memories;2015;16+;7,4;56;0;1;0;0;1
1963;Love It or List It;2008;0;6,3;56;0;1;0;0;1
1964;Dragnet;1967;7+;7,5;56;0;1;0;0;1
1965;Say "I Love You.";2012;16+;7,4;56;0;1;0;0;1
1966;Rev.;2010;16+;7,9;56;0;1;0;0;1
1967;Axe Cop;2013;18+;7,4;56;0;1;0;0;1
1968;The Secret Life of the American Teenager;2008;16+;5;55;0;1;0;0;1
1969;Extreme Ghostbusters;1997;7+;6,9;55;0;1;0;0;1
1970;OK K.O.! Let's Be Heroes;2017;7+;7;55;0;1;0;0;1
1971;é ­æ–‡å­—D First Stage;1998;7+;8,4;55;0;1;0;0;1
1972;The Firm;2012;16+;7,1;55;0;1;1;0;1
1973;The Titan Games;2019;0;7;55;0;1;0;0;1
1974;Attack on Titan: Junior High;2015;16+;7,1;55;0;1;0;0;1
1975;To Love-Ru;2008;18+;6,9;55;0;1;0;0;1
1976;Rosario + Vampire;2008;18+;7;55;0;1;0;0;1
1977;All Saints;1998;16+;7,1;55;0;1;0;0;1
1978;Fast N' Loud;2012;16+;7,5;55;0;1;0;0;1
1979;Upper Middle Bogan;2013;16+;7,9;55;0;1;0;0;1
1980;Toilet-Bound Hanako-kun;2020;16+;7,6;55;0;1;0;0;1
1981;Barbarians Rising;2016;18+;7,8;55;0;1;0;0;1
1982;Silk Stalkings;1991;16+;6,6;55;0;1;0;0;1
1983;Match Game;1973;7+;8,3;55;0;1;1;0;1
1984;The Most Dangerous Animal of All;2020;16+;6,3;55;0;1;0;0;1
1985;Arifureta: From Commonplace to World's Strongest;2019;16+;7;55;0;1;0;0;1
1986;Renegade;1992;16+;6;55;0;1;0;0;1
1987;Disappeared;2009;7+;8;55;0;1;0;0;1
1988;My Favorite Martian;1963;0;7,3;55;0;1;0;1;1
1989;Wise Manâ€™s Grandchild;2019;16+;6,8;55;0;1;0;0;1
1990;The Slap;2015;16+;7,6;55;0;1;1;0;1
1991;90 Day FiancÃ©: Before the 90 Days;2017;16+;6,8;55;0;1;0;0;1
1992;Love Thy Neighbor;2013;7+;4,4;55;0;1;0;0;1
1993;Infinite Stratos;2011;18+;6,7;55;0;1;0;0;1
1994;A Certain Scientific Railgun;2009;16+;7,6;55;0;1;0;0;1
1995;Taggart;1983;18+;7,3;55;0;1;0;0;1
1996;Call Me Kat;2021;7+;5;55;0;1;0;0;1
1997;My Love Story!!;2015;16+;7,8;55;0;1;0;0;1
1998;Digimon Adventure:;2020;0;7,4;55;0;1;0;0;1
1999;City Homicide;2007;16+;7,5;55;0;1;0;0;1
2000;Spartan: Ultimate Team Challenge;2016;7+;5,9;38;0;1;0;0;1
