Title;Year;Rotten Tomatoes;Hulu
Breaking Bad;2008;100;Não tem
Stranger Things;2016;96;Não tem
Attack on Titan;2013;95;Tem
Better Call Saul;2015;94;Não tem
Dark;2017;93;Não tem
Avatar: The Last Airbender;2005;93;Não tem
Peaky Blinders;2013;93;Não tem
The Walking Dead;2010;93;Não tem
Black Mirror;2011;92;Não tem
The Queen's Gambit;2020;92;Não tem
Mindhunter;2017;90;Não tem
Community;2009;90;Tem
Narcos;2015;90;Não tem
Shameless;2011;90;Tem
Money Heist;2017;90;Não tem
Marvel's Daredevil;2015;90;Não tem
Lucifer;2016;90;Não tem
Supernatural;2005;89;Não tem
The Witcher;2019;89;Não tem
Ozark;2017;89;Não tem
The Crown;2016;89;Não tem
Cobra Kai;2018;89;Não tem
The Blacklist;2013;88;Não tem
The Flash;2014;88;Não tem
Outlander;2014;88;Não tem
Fullmetal Alchemist: Brotherhood;2009;88;Tem
The Good Place;2016;88;Não tem
House of Cards;2013;88;Não tem
Atypical;2017;88;Não tem
Grey's Anatomy;2005;87;Tem
Arrested Development;2003;87;Tem
Lupin;2021;87;Não tem
The Umbrella Academy;2019;87;Não tem
Orange Is the New Black;2013;87;Não tem
The Vampire Diaries;2009;86;Não tem
Demon Slayer: Kimetsu no Yaiba;2019;86;Tem
The Last Dance;2020;86;Não tem
American Horror Story;2011;86;Tem
Elite;2018;86;Não tem
BoJack Horseman;2014;86;Não tem
Star Trek: The Next Generation;1987;86;Tem
Broadchurch;2013;86;Não tem
The IT Crowd;2006;86;Não tem
When They See Us;2019;86;Não tem
Love, Death & Robots;2019;86;Não tem
Schitt's Creek;2015;86;Não tem
Marvel's Agents of S.H.I.E.L.D.;2013;86;Não tem
Never Have I Ever;2020;86;Não tem
The 100;2014;86;Não tem
American Crime Story;2016;85;Não tem
The Last Kingdom;2015;85;Não tem
The End of the F***ing World;2017;85;Não tem
New Girl;2011;85;Não tem
Penny Dreadful;2014;85;Não tem
One Piece;1999;85;Tem
Marvel's The Punisher;2017;85;Não tem
Evil;2019;85;Não tem
YOU;2018;85;Não tem
Sense8;2015;84;Não tem
Making a Murderer;2015;84;Não tem
Unbelievable;2019;84;Não tem
Arrow;2012;84;Não tem
Sex Education;2019;84;Não tem
Marvel's Jessica Jones;2015;84;Não tem
Sweet Tooth;2021;84;Não tem
Good Girls;2018;84;Tem
Death Note;2006;84;Tem
Gilmore Girls;2000;84;Não tem
The Legend of Korra;2012;83;Não tem
How to Get Away with Murder;2014;83;Tem
Master of None;2015;83;Não tem
Chappelle's Show;2003;83;Não tem
One-Punch Man;2015;83;Tem
Downton Abbey;2010;83;Não tem
Gotham;2014;83;Não tem
Pose;2018;83;Não tem
Bodyguard;2018;83;Não tem
Altered Carbon;2018;83;Não tem
Ash vs Evil Dead;2015;83;Não tem
The Sinner;2017;83;Não tem
Our Planet;2019;82;Não tem
Narcos: Mexico;2018;82;Não tem
Shadow and Bone;2021;82;Não tem
Castlevania;2017;82;Não tem
Star Trek;1966;82;Tem
The Kominsky Method;2018;82;Não tem
Hunter x Hunter;2011;82;Tem
Dead to Me;2019;82;Não tem
The Haunting of Hill House;2018;82;Não tem
Russian Doll;2019;82;Não tem
Kingdom;2019;82;Tem
Neon Genesis Evangelion;1995;82;Não tem
Naruto;2002;81;Tem
NCIS;2003;81;Não tem
Manifest;2018;81;Tem
Halt and Catch Fire;2014;81;Não tem
Monty Python's Flying Circus;1969;81;Não tem
After Life;2019;81;Não tem
Riverdale;2017;81;Tem
Big Mouth;2017;81;Não tem
I Think You Should Leave with Tim Robinson;2019;81;Não tem
Derry Girls;2018;81;Não tem
The Promised Neverland;2019;81;Tem
Lost in Space;2018;80;Tem
Star Trek: Deep Space Nine;1993;80;Tem
Jane the Virgin;2014;80;Não tem
Godless;2017;80;Não tem
The OA;2016;80;Não tem
DC's Legends of Tomorrow;2016;80;Não tem
Sacred Games;2018;80;Não tem
iZombie;2015;80;Não tem
Longmire;2012;80;Não tem
Happy Endings;2011;80;Tem
Into the Badlands;2015;80;Não tem
The Originals;2013;80;Não tem
Anne with an E;2017;80;Não tem
Grace and Frankie;2015;80;Não tem
Chilling Adventures of Sabrina;2018;80;Não tem
Queen of the South;2016;79;Não tem
A Series of Unfortunate Events;2017;79;Não tem
Unorthodox;2020;79;Não tem
Stargate SG-1;1997;79;Tem
Outer Banks;2020;79;Não tem
13 Reasons Why;2017;79;Não tem
Unbreakable Kimmy Schmidt;2015;79;Não tem
Marvel's Luke Cage;2016;79;Não tem
GLOW;2017;79;Não tem
Borgen;2010;79;Não tem
The 4400;2004;79;Não tem
Alias Grace;2017;79;Não tem
All American;2018;79;Não tem
Santa Clarita Diet;2017;79;Não tem
Reign;2013;78;Não tem
Maniac;2018;78;Não tem
Dark Matter;2015;78;Não tem
Star Trek: Voyager;1995;78;Tem
Tiger King: Murder, Mayhem and Madness;2020;78;Não tem
Call the Midwife;2012;78;Não tem
Queer Eye;2018;78;Não tem
American Vandal;2017;78;Não tem
Wynonna Earp;2016;78;Não tem
Marvel's The Defenders;2017;78;Não tem
HAPPY!;2017;77;Não tem
Haikyu!!;2014;77;Tem
Colony;2016;77;Não tem
Heartland;2007;77;Não tem
Alone;2015;77;Tem
Marco Polo;2014;77;Não tem
Wild Wild Country;2018;77;Não tem
The Dragon Prince;2018;77;Não tem
Locke & Key;2020;77;Não tem
Love;2016;77;Não tem
One Day at a Time;2017;77;Não tem
Feel Good;2020;77;Não tem
Fauda;2015;77;Não tem
The Dark Crystal: Age of Resistance;2019;77;Não tem
Top Boy;2011;77;Não tem
I Am Not Okay with This;2020;77;Não tem
Supergirl;2015;77;Não tem
The Shannara Chronicles;2016;77;Não tem
Designated Survivor;2016;77;Não tem
Travelers;2016;77;Não tem
StartUp;2016;77;Não tem
Ripper Street;2012;77;Não tem
Episodes;2011;77;Não tem
Crazy Ex-Girlfriend;2015;76;Não tem
Bloodline;2015;76;Não tem
Black Summer;2019;76;Não tem
The Borgias;2011;76;Não tem
Glee;2009;76;Não tem
The Stranger;2020;76;Não tem
Virgin River;2019;76;Não tem
Lilyhammer;2012;76;Não tem
Dirty John;2018;76;Não tem
TURN: Washington's Spies;2014;76;Não tem
Star Trek: Enterprise;2001;76;Tem
She-Ra and the Princesses of Power;2018;75;Não tem
Merlin;2008;75;Tem
The Magicians;2015;75;Não tem
Ginny & Georgia;2021;75;Não tem
The Spy;2019;75;Não tem
On My Block;2018;75;Não tem
The Movies That Made Us;2019;75;Não tem
Chef's Table;2015;75;Não tem
Biohackers;2020;75;Não tem
The Seven Deadly Sins;2014;75;Não tem
The Keepers;2017;75;Não tem
F is for Family;2015;74;Não tem
The Midnight Gospel;2020;74;Não tem
Ragnarok;2020;74;Não tem
Legacies;2018;74;Não tem
The Order;2019;74;Não tem
Disenchantment;2018;74;Não tem
Dead Set;2008;74;Não tem
Dirty Money;2018;74;Não tem
The Staircase;2005;74;Não tem
Soul Eater;2008;74;Tem
Into the Night;2020;74;Não tem
Julie and the Phantoms;2020;74;Não tem
Leyla ile Mecnun;2011;74;Não tem
Living with Yourself;2019;74;Não tem
Hilda;2018;74;Não tem
The Mechanism;2018;74;Não tem
ERASED;2016;74;Tem
Formula 1: Drive to Survive;2019;74;Não tem
Don't F**k with Cats: Hunting an Internet Killer;2019;74;Não tem
Kim's Convenience;2016;73;Não tem
The Society;2019;73;Não tem
Imposters;2017;73;Não tem
Frequency;2016;73;Não tem
Wentworth;2013;73;Não tem
Marvel's Iron Fist;2017;73;Não tem
Bleach;2004;73;Tem
Quantico;2015;73;Não tem
Shooter;2016;73;Não tem
PokÃ©mon;1997;73;Tem
Hollywood;2020;73;Não tem
Madam Secretary;2014;73;Não tem
Last Tango in Halifax;2012;73;Não tem
Safe;2018;73;Tem
Resurrection: Ertugrul;2014;73;Não tem
Versailles;2015;73;Não tem
Sex/Life;2021;73;Não tem
Fullmetal Alchemist;2003;73;Não tem
Marianne;2019;73;Não tem
Five Came Back;2017;73;Não tem
Miraculous: Tales of Ladybug & Cat Noir;2015;73;Não tem
Abstract: The Art of Design;2017;73;Não tem
Teenage Bounty Hunters;2020;72;Não tem
Documentary Now!;2015;72;Não tem
Special;2019;72;Não tem
JoJo's Bizarre Adventure;2012;72;Tem
Manhunt;2017;72;Não tem
Your Lie in April;2014;72;Tem
Code Geass: Lelouch of the Rebellion;2006;72;Não tem
Middleditch & Schwartz;2020;72;Não tem
Zoo;2015;72;Não tem
Jupiters Legacy;2021;72;Não tem
Ratched;2020;72;Não tem
Babylon Berlin;2017;72;Não tem
Everything Sucks!;2018;72;Não tem
Evil Genius;2018;72;Não tem
Doctor Foster;2015;72;Não tem
Marcella;2016;72;Não tem
Survivor;2000;72;Tem
Derek;2013;72;Não tem
0,03;2016;72;Não tem
Tuca & Bertie;2019;72;Não tem
Parasyte -the maxim-;2014;72;Tem
Last Chance U;2016;71;Não tem
Trailer Park Boys;2001;71;Não tem
Black Lightning;2018;71;Não tem
Chicago Med;2015;71;Tem
How to Sell Drugs Online (Fast);2019;71;Não tem
Secret City;2016;71;Não tem
Dynasty;2017;71;Não tem
Dracula;2020;71;Não tem
Space Force;2020;71;Não tem
Pretend It's a City;2021;71;Não tem
Masters of the Universe: Revelation;2021;71;Não tem
iCarly;2007;71;Não tem
Who Killed Sara?;2021;71;Não tem
Sword Art Online;2012;71;Tem
Paranormal;2020;71;Não tem
Frontier;2016;71;Não tem
The Politician;2019;71;Não tem
Raising Dion;2019;71;Não tem
Food Wars! Shokugeki no Soma;2015;71;Tem
Crash Landing on You;2019;71;Não tem
Seven Seconds;2018;71;Não tem
The Great British Bake Off;2010;70;Não tem
Wizards: Tales of Arcadia;2020;70;Não tem
Conversations with a Killer: The Ted Bundy Tapes;2019;70;Não tem
Fate: The Winx Saga;2021;70;Não tem
The Circle;2020;70;Não tem
Cheer;2020;70;Não tem
Hemlock Grove;2013;70;Não tem
Transformers: War for Cybertron: Siege;2020;70;Não tem
Explained;2018;70;Não tem
Messiah;2020;70;Não tem
Sky Rojo;2021;70;Não tem
Bonding;2019;70;Não tem
I'm Sorry;2017;70;Não tem
Katla;2021;70;Não tem
It's Okay to Not Be Okay;2020;70;Não tem
Forensic Files;1996;70;Tem
Workin' Moms;2017;70;Não tem
The Toys That Made Us;2017;70;Não tem
The Devil Next Door;2019;70;Não tem
Kipo and the Age of Wonderbeasts;2020;70;Não tem
Roswell, New Mexico;2019;70;Não tem
Night Stalker: The Hunt For a Serial Killer;2021;70;Não tem
Glitch;2015;70;Não tem
Great Pretender;2020;69;Não tem
InuYasha;2000;69;Tem
In the Dark;2019;69;Não tem
GHOUL;2018;69;Não tem
Nailed It!;2018;69;Não tem
Voltron: Legendary Defender;2016;69;Não tem
Trollhunters: Tales of Arcadia;2016;69;Não tem
Sweet Magnolias;2020;69;Não tem
Medici: Masters of Florence;2016;69;Não tem
Aggretsuko;2018;69;Não tem
Jurassic World: Camp Cretaceous;2020;69;Não tem
Rake;2010;69;Tem
The Gift;2019;69;Tem
Violet Evergarden;2018;69;Não tem
3Below: Tales of Arcadia;2018;69;Não tem
Jeffrey Epstein: Filthy Rich;2020;69;Não tem
Dawson's Creek;1998;69;Tem
Private Practice;2007;69;Tem
Beauty and the Beast;2012;69;Não tem
Daybreak;2019;69;Não tem
Easy;2016;69;Não tem
Behind Her Eyes;2021;68;Não tem
Collateral;2018;68;Não tem
Knightfall;2017;68;Não tem
The Confession Killer;2019;68;Não tem
Sophie: A Murder In West Cork;2021;68;Não tem
Call My Agent!;2015;68;Não tem
My Little Pony: Friendship Is Magic;2010;68;Tem
Leah Remini: Scientology and the Aftermath;2016;68;Tem
Containment;2016;68;Não tem
Z Nation;2014;68;Não tem
Emily in Paris;2020;68;Não tem
Victorious;2010;68;Não tem
Scream: The TV Series;2015;68;Não tem
Akame ga Kill!;2014;68;Tem
Warrior Nun;2020;68;Não tem
Bad Blood;2017;68;Não tem
Young & Hungry;2014;68;Não tem
Caliphate;2020;68;Não tem
Good Witch;2015;68;Não tem
Gilmore Girls: A Year in the Life;2016;68;Não tem
Aquarius;2015;68;Não tem
Firefly Lane;2021;67;Não tem
White Gold;2017;67;Não tem
Hyperdrive;2019;67;Não tem
Ninjago: Masters of Spinjitzu;2012;67;Não tem
BEASTARS;2019;67;Não tem
Kill la Kill;2013;67;Não tem
Down to Earth with Zac Efron;2020;67;Não tem
Ancient Aliens;2010;67;Tem
Slasher;2016;67;Não tem
Time: The Kalief Browder Story;2017;67;Não tem
Away;2020;67;Não tem
No Tomorrow;2016;67;Não tem
Locked Up;2015;67;Não tem
The Frankenstein Chronicles;2015;67;Não tem
The Ranch;2016;67;Não tem
Cursed;2020;67;Não tem
Wu Assassins;2019;67;Não tem
Mr. Sunshine;2018;67;Não tem
The Unicorn;2019;67;Tem
Anohana: The Flower We Saw That Day;2011;67;Não tem
The Challenge;1998;67;Tem
Gypsy;2017;67;Não tem
Fuller House;2016;67;Não tem
Killer Inside: The Mind of Aaron Hernandez;2020;67;Não tem
RESIDENT EVIL: Infinite Darkness;2021;67;Não tem
1983;2018;67;Não tem
Wet Hot American Summer: First Day of Camp;2015;67;Não tem
The Baker and the Beauty;2020;67;Não tem
Spinning Out;2020;67;Não tem
Trinkets;2019;67;Não tem
Insatiable;2018;67;Não tem
The Chalet;2018;67;Não tem
We Bare Bears;2015;67;Tem
Gurren Lagann;2007;66;Não tem
Friends from College;2017;66;Não tem
Jericho;2006;66;Não tem
Tidelands;2018;66;Não tem
Dear White People;2017;66;Tem
Dare Me;2019;66;Não tem
Ouran High School Host Club;2006;66;Tem
Scooby-Doo! Mystery Incorporated;2010;66;Não tem
The Untamed;2019;66;Não tem
Stranger;2017;66;Não tem
El Chapo;2017;66;Não tem
Great News;2017;66;Não tem
The Get Down;2016;66;Não tem
The Naked Director;2019;66;Não tem
Rise of Empires: Ottoman;2020;66;Não tem
Club de Cuervos;2015;66;Não tem
Toradora!;2008;66;Não tem
The Baby-Sitters Club;2020;66;Não tem
Carole & Tuesday;2019;66;Não tem
Van Helsing;2016;66;Não tem
The Night Shift;2014;66;Não tem
Pablo Escobar, The Drug Lord;2012;66;Não tem
No Game No Life;2014;66;Não tem
The King: Eternal Monarch;2020;66;Não tem
Eden;2021;65;Não tem
Stateless;2020;65;Não tem
High Score;2020;65;Não tem
Dash & Lily;2020;65;Não tem
The Confession Tapes;2017;65;Não tem
Black Butler;2008;65;Tem
The Rain;2018;65;Não tem
Love Is Blind;2020;65;Não tem
Trial by Media;2020;65;Não tem
Wormwood;2017;65;Não tem
Fear City: New York vs The Mafia;2020;65;Não tem
Sorjonen;2016;65;Não tem
Forged in Fire;2015;65;Tem
Baby;2018;65;Não tem
The Disastrous Life of Saiki K.;2016;65;Não tem
The Innocence Files;2020;65;Não tem
BNA;2020;65;Não tem
The Mist;2017;65;Não tem
Halston;2021;65;Não tem
Shaun the Sheep;2007;65;Não tem
The Universe;2007;65;Não tem
Self Made: Inspired by the Life of Madam C.J. Walker;2020;65;Não tem
Shtisel;2013;65;Não tem
The Boss Baby: Back in Business;2018;65;Não tem
Puella Magi Madoka Magica;2011;65;Tem
Sinatra: All or Nothing at All;2015;65;Não tem
Comedians in Cars Getting Coffee;2012;65;Não tem
Senora Acero;2014;65;Tem
Dark Tourist;2018;65;Não tem
Criminal: UK;2019;65;Não tem
The Bureau of Magical Things;2018;65;Não tem
Cleverman;2016;65;Não tem
The Innocent Man;2018;65;Não tem
Norsemen;2016;65;Não tem
Pawn Stars;2009;65;Tem
Inside Bill's Brain: Decoding Bill Gates;2019;65;Não tem
Damnation;2017;65;Não tem
From Dusk Till Dawn: The Series;2014;64;Não tem
Lovesick;2014;64;Não tem
Flint Town;2018;64;Não tem
Watership Down;2018;64;Não tem
Undercover;2019;64;Não tem
Rita;2012;64;Não tem
Dorohedoro;2020;64;Não tem
Maid Sama!;2010;64;Tem
Mystery Science Theater 3000: The Return;2017;64;Não tem
Is It Wrong to Try to Pick Up Girls in a Dungeon?;2015;64;Tem
Surviving R. Kelly;2019;64;Não tem
Saint Seiya;1986;64;Não tem
Flaked;2016;64;Não tem
Fate/Zero;2011;64;Não tem
Crazyhead;2016;64;Não tem
The Five;2016;64;Não tem
H2O: Just Add Water;2006;64;Tem
Requiem;2018;64;Não tem
The Valhalla Murders;2019;64;Não tem
Cardcaptor Sakura;1998;64;Não tem
Black Earth Rising;2018;64;Não tem
W/ Bob & David;2015;64;Não tem
The Trials of Gabriel Fernandez;2020;64;Não tem
She's Gotta Have It;2017;64;Não tem
Save Me;2018;64;Não tem
The Curse of Oak Island;2014;64;Tem
Black;2017;63;Não tem
Ajin;2016;63;Não tem
Ink Master;2012;63;Não tem
Goosebumps;1995;63;Não tem
Vampire Knight;2008;63;Tem
Angel Beats!;2010;63;Não tem
Green Eggs and Ham;2019;63;Não tem
The Hollow;2018;63;Não tem
Dogs;2018;63;Não tem
November 13: Attack on Paris;2018;63;Não tem
It's Bruno!;2019;63;Não tem
Wanted;2016;63;Não tem
Masum;2017;63;Não tem
Cable Girls;2017;63;Não tem
Lady Dynamite;2016;63;Não tem
Power Rangers;1993;63;Não tem
The Mire;2018;63;Não tem
Tabula Rasa;2017;63;Não tem
Clannad;2007;63;Tem
Ugly Delicious;2018;63;Não tem
Fate/stay night [Unlimited Blade Works];2014;63;Tem
Man with a Plan;2016;63;Não tem
Rilakkuma and Kaoru;2019;63;Não tem
World War II In HD Colour;2009;63;Não tem
Boys Over Flowers;2009;63;Tem
Meteor Garden;2018;63;Não tem
What's New, Scooby-Doo?;2002;63;Não tem
Sick Note;2017;63;Não tem
Big Time Rush;2009;63;Tem
Girlboss;2017;63;Não tem
Quicksand;2019;63;Não tem
Rotten;2018;63;Não tem
The Irregulars;2021;63;Não tem
College Romance;2018;63;Não tem
Elite Short Stories: Carla Samuel;2021;63;Não tem
Bard of Blood;2019;63;Não tem
Charmed;2018;62;Não tem
The New Legends of Monkey;2018;62;Não tem
The Mind, Explained;2019;62;Não tem
Fast & Furious Spy Racers;2019;62;Não tem
Occupied;2015;62;Não tem
The Magic School Bus;1994;62;Não tem
Toast of London;2013;62;Não tem
Patriot Act with Hasan Minhaj;2018;62;Não tem
Greatest Events of World War II in Colour;2019;62;Não tem
Offspring;2010;62;Não tem
Blown Away;2019;62;Não tem
60 Days In;2016;62;Tem
Trese;2021;62;Não tem
Hot Girls Wanted: Turned On;2017;62;Não tem
The Heirs;2013;62;Não tem
The Curious Creations of Christine McConnell;2018;62;Não tem
Alexa & Katie;2018;62;Não tem
Sailor Moon Crystal;2014;62;Tem
La Reina del Sur;2011;62;Não tem
Pine Gap;2018;62;Não tem
Suburra: Blood on Rome;2017;62;Não tem
Taco Chronicles;2019;62;Não tem
She;2020;62;Não tem
Between;2015;62;Não tem
Velvet;2014;62;Não tem
Bobby Kennedy for President;2018;62;Não tem
Durarara!!;2010;62;Tem
Hostages;2013;62;Não tem
Rhythm + Flow;2019;62;Não tem
Blue Exorcist;2011;62;Tem
L.A.'s Finest;2019;62;Não tem
Thomas & Friends;1984;62;Não tem
The Protector;2018;61;Não tem
Unsolved Mysteries;1987;61;Tem
Too Hot to Handle;2020;61;Não tem
Are You The One?;2014;61;Tem
Little Things;2016;61;Não tem
Still Game;2002;61;Não tem
Transformers: Prime;2010;61;Não tem
Henry Danger;2014;61;Não tem
Tidying Up with Marie Kondo;2019;61;Não tem
Nightflyers;2018;61;Não tem
Love 101;2020;61;Não tem
Car Masters: Rust to Riches;2018;61;Não tem
WHAT / IF;2019;61;Não tem
Total Drama Island;2007;61;Não tem
Roman Empire;2016;61;Não tem
Deadwind;2018;61;Não tem
People Just Do Nothing;2014;61;Não tem
B: The Beginning;2018;61;Não tem
Somebody Feed Phil;2018;61;Não tem
Girl from Nowhere;2018;61;Não tem
Cocaine Coast;2018;61;Não tem
The Liberator;2020;61;Não tem
The Irregular at Magic High School;2014;61;Não tem
Hap and Leonard;2016;61;Não tem
Dark Desire;2020;61;Não tem
Seis Manos;2019;61;Não tem
Control Z;2020;61;Não tem
The House of Flowers;2018;61;Não tem
America's Next Top Model;2003;61;Tem
Tribes of Europa;2021;61;Não tem
Somos.;2021;61;Não tem
The Great Heist;2020;61;Não tem
The One;2021;61;Não tem
Carmen Sandiego;2019;61;Não tem
The Chef Show;2019;61;Não tem
Traitors;2019;61;Não tem
Wet Hot American Summer: Ten Years Later;2017;61;Não tem
The Neighbor;2019;60;Não tem
Billy on the Street;2011;60;Tem
October Faction;2020;60;Não tem
Start-Up;2020;60;Não tem
Night on Earth;2020;60;Não tem
DOTA: Dragon's Blood;2021;60;Não tem
The Break;2016;60;Não tem
The Letter for the King;2020;60;Não tem
Osmosis;2019;60;Não tem
Another Life;2019;60;Não tem
Ju-On: Origins;2020;60;Não tem
Diagnosis;2019;60;Não tem
The Eddy;2020;60;Não tem
Magi;2012;60;Tem
Elite Short Stories: GuzmÃ¡n Caye Rebe;2021;60;Não tem
Memories of the Alhambra;2018;60;Não tem
Pacific Rim: The Black;2021;60;Não tem
V Wars;2019;60;Não tem
The Windsors;2016;60;Não tem
The Sons of Sam: A Descent Into Darkness;2021;60;Não tem
Sunderland 'Til I Die;2018;60;Não tem
Rebellion;2016;60;Não tem
The A List;2018;60;Não tem
Tales of the City;2019;60;Não tem
Disjointed;2017;60;Não tem
Gentefied;2020;60;Não tem
Wanderlust;2018;60;Não tem
Murder Among the Mormons;2021;60;Não tem
Home for Christmas;2019;60;Não tem
Paradise PD;2018;60;Não tem
The Bachelorette;2003;60;Tem
Cold Case Files;1999;60;Tem
Little Witch Academia;2017;60;Não tem
El marginal;2016;60;Não tem
Teasing Master Takagi-san;2018;60;Não tem
Kakegurui;2017;60;Não tem
Attenborough's Life in Colour;2021;60;Não tem
Mortel;2019;60;Não tem
Kath & Kim;2002;60;Não tem
CharitÃ©;2017;59;Não tem
Hoarders;2009;59;Tem
Unsolved: The Murders of Tupac and The Notorious B.I.G.;2018;59;Não tem
My Next Guest Needs No Introduction With David Letterman;2018;59;Não tem
Record of Ragnarok;2021;59;Não tem
White Lines;2020;59;Não tem
Luis Miguel: The Series;2018;59;Não tem
Love, Chunibyo & Other Delusions;2012;59;Não tem
Kabaneri of the Iron Fortress;2016;59;Não tem
Sister, Sister;1994;59;Tem
Greenhouse Academy;2017;59;Não tem
Mr. Iglesias;2019;59;Não tem
Hip Hop Evolution;2016;59;Não tem
The Game;2006;59;Tem
Love on the Spectrum;2019;59;Não tem
Greenleaf;2016;59;Não tem
The Final Table;2018;59;Não tem
Life Sentence;2018;59;Não tem
Dogs of Berlin;2018;59;Não tem
Yasuke;2021;59;Não tem
Playing with Fire;2019;59;Tem
Hello, My Twenties!;2016;59;Não tem
Sam & Cat;2013;59;Não tem
Girls from Ipanema;2019;59;Não tem
Elite Short Stories: Omar Ander Alexis;2021;59;Não tem
MEGALOBOX;2018;59;Tem
K-ON!;2009;59;Tem
The Family;2019;59;Não tem
The Good Cop;2018;58;Não tem
This is a Robbery: The World's Biggest Art Heist;2021;58;Não tem
Chambers;2019;58;Não tem
Selena: The Series;2020;58;Não tem
BAKI;2018;58;Não tem
Cells at Work!;2018;58;Não tem
Reckoning;2019;58;Não tem
Queen Sono;2020;58;Não tem
WWII in HD;2009;58;Não tem
I Am a Killer;2018;58;Não tem
One of Us;2016;58;Não tem
Cuckoo;2012;58;Não tem
March Comes in Like a Lion;2016;58;Não tem
BÃ¶rÃ¼;2018;58;Não tem
Elize Matsunaga: Once Upon a Crime;2021;58;Não tem
Invisible City;2021;58;Não tem
High Seas;2019;58;Não tem
Man Down;2013;58;Não tem
Degrassi: Next Class;2016;58;Não tem
The Woods;2020;58;Não tem
Godzilla Singular Point;2021;58;Não tem
My Babysitter's a Vampire;2011;58;Não tem
Typewriter;2019;57;Não tem
Sonic X;2003;57;Tem
Monthly Girls' Nozaki-kun;2014;57;Não tem
History of Swear Words;2021;57;Não tem
Dolly Parton's Heartstrings;2019;57;Não tem
Last Chance U: Basketball;2021;57;Não tem
The Next Step;2013;57;Não tem
Midnight Diner: Tokyo Stories;2016;57;Não tem
Immigration Nation;2020;57;Não tem
The Barrier;2020;57;Não tem
Cannon Busters;2019;57;Não tem
Something in the Rain;2018;57;Não tem
Haters Back Off;2016;57;Não tem
Young Wallander;2020;57;Não tem
Toy Boy;2019;57;Não tem
Jack Whitehall: Travels with My Father;2017;57;Não tem
Sofia the First;2013;57;Não tem
The Joel McHale Show with Joel McHale;2018;57;Não tem
America's Book of Secrets;2012;57;Tem
Kiss Me First;2018;57;Não tem
A Very Secret Service;2015;57;Não tem
Scissor Seven;2018;57;Não tem
Summertime;2020;57;Tem
The K2;2016;57;Não tem
The King's Avatar;2017;57;Não tem
The Twelve;2019;57;Não tem
Vanished 46;2016;57;Não tem
Valor;2017;57;Não tem
Northern Rescue;2019;57;Não tem
Equinox;2020;57;Não tem
Oggy and the Cockroaches;1999;57;Não tem
Code Lyoko;2003;57;Não tem
Champions;2018;57;Tem
Winx Club;2004;57;Não tem
Dragons: Race to the Edge;2015;57;Não tem
Vexed;2010;56;Não tem
Family Business;2019;56;Não tem
BUNK'D;2015;56;Não tem
Cathedral of the Sea;2018;56;Não tem
History 101;2020;56;Não tem
Cooked;2016;56;Não tem
Monarca;2019;56;Não tem
Indian Matchmaking;2020;56;Não tem
Perfume;2018;56;Não tem
Avlu;2018;56;Não tem
Wild District;2018;56;Não tem
Magic for Humans;2018;56;Não tem
50M2;2021;56;Não tem
Mako Mermaids: An H2O Adventure;2013;56;Não tem
Extracurricular;2020;56;Não tem
Tunnel;2017;56;Não tem
Marseille;2016;56;Não tem
Elite Short Stories: Nadia GuzmÃ¡n;2021;56;Não tem
The Rise of Phoenixes;2018;56;Não tem
Wakfu;2008;56;Não tem
How to Fix a Drug Scandal;2020;56;Não tem
Betaal;2020;56;Não tem
Sin Senos SÃ­ Hay ParaÃ­so;2016;56;Não tem
Japan Sinks: 2020;2020;56;Não tem
Girlfriends;2000;56;Não tem
Mobile Suit Gundam: Iron-Blooded Orphans;2015;56;Não tem
Curon;2020;56;Não tem
The Method;2015;56;Não tem
Amend: The Fight for America;2021;56;Não tem
The Crew;2021;56;Não tem
Sex Explained;2020;56;Não tem
Unauthorized Living;2018;56;Não tem
James Acaster: Repertoire;2018;56;Não tem
Blood & Water;2020;56;Não tem
Adventures of Sonic the Hedgehog;1993;55;Não tem
Rust Valley Restorers;2018;55;Não tem
Immortals;2018;55;Não tem
Cheese in the Trap;2016;55;Não tem
Terrace House: Boys & Girls in the City;2015;55;Não tem
My Secret Romance;2017;55;Não tem
Marlon;2017;55;Tem
The Bonfire of Destiny;2019;55;Não tem
100 Days My Prince;2018;55;Não tem
Let's Eat;2013;55;Não tem
Kung Fu Panda: Legends of Awesomeness;2011;55;Não tem
PJ Masks;2015;55;Não tem
Incomplete Life;2014;55;Não tem
When Heroes Fly;2018;55;Não tem
The Last O.G.;2018;55;Não tem
DC Super Hero Girls;2019;55;Não tem
Wheel of Fortune;1983;55;Não tem
Chelsea Does;2016;55;Não tem
Girlfriends' Guide to Divorce;2014;55;Não tem
Daniel Sloss: Live Shows;2018;55;Não tem
Case;2015;55;Não tem
Always a Witch;2019;55;Não tem
The Boulet Brothers' Dragula;2016;55;Não tem
Lovestruck in the City;2020;55;Não tem
Bitter Daisies;2018;55;Não tem
Selection Day;2018;55;Não tem
Bring It On, Ghost;2016;55;Não tem
(The Hook Up Plan);2018;55;Não tem
Because This Is My First Life;2017;55;Não tem
Medal of Honor;2018;55;Não tem
Coronavirus, Explained;2020;55;Não tem
Teen Mom 2;2011;55;Não tem
Kantaro: The Sweet Tooth Salaryman;2017;55;Não tem
Al Hayba;2017;55;Não tem
Somewhere Between;2017;55;Não tem
Selling Sunset;2019;55;Não tem
Trailer Park Boys: The Animated Series;2019;55;Não tem
Ultraviolet;2017;55;Tem
Ultraman;2019;54;Não tem
No Good Nick;2019;54;Não tem
Daughter From Another Mother;2021;54;Não tem
Tiny House Nation;2014;54;Não tem
High-Rise Invasion;2021;54;Não tem
Mystic Pop-up Bar;2020;54;Não tem
Glow Up: Britain's Next Make-Up Star;2019;54;Não tem
Falsa Identidad;2018;54;Não tem
Alien Worlds;2020;54;Não tem
Barbie: Life in the Dreamhouse;2012;54;Não tem
Freud;2020;54;Não tem
God Eater;2015;54;Não tem
El DragÃ³n: Return of a Warrior;2019;54;Não tem
Netflix Presents: The Characters;2016;54;Não tem
Vampires;2020;54;Não tem
#blackAF;2020;54;Não tem
Ever After High;2013;54;Não tem
Sirius the Jaeger;2018;54;Não tem
Eternal Love;2017;54;Não tem
Murder Mountain;2018;54;Não tem
Dope;2017;54;Não tem
Troy: Fall of a City;2018;54;Não tem
Surviving Escobar - Alias JJ;2017;54;Não tem
Skylines;2019;54;Não tem
High Score Girl;2018;54;Não tem
Unit 42;2017;54;Não tem
The Velvet Collection;2017;54;Não tem
One on One;2001;54;Não tem
Monty Python: Almost the Truth (The Lawyer's Cut);2009;54;Não tem
Voice;2017;54;Não tem
La RÃ©volution;2020;54;Não tem
Queer Eye: We're in Japan!;2019;54;Não tem
Danger Mouse;1981;54;Não tem
Man Like Mobeen;2017;53;Não tem
X-Men;2011;53;Não tem
7SEEDS;2019;53;Não tem
Ultimate Beastmaster;2017;53;Não tem
Trigger Warning with Killer Mike;2019;53;Não tem
The Queen of Flow;2018;53;Não tem
The Upshaws;2021;53;Não tem
Huge in France;2019;53;Não tem
Good Morning Call;2016;53;Não tem
Reality Z;2020;53;Não tem
Bella and the Bulldogs;2015;53;Não tem
Johnny Test;2005;53;Não tem
The Lost Pirate Kingdom;2021;53;Não tem
The I-Land;2019;53;Não tem
Free Rein;2017;53;Não tem
Ashes of Love;2018;53;Não tem
Masha and the Bear;2009;53;Não tem
All Hail King Julien;2014;53;Não tem
The Day I Met El Chapo: The Kate del Castillo Story;2017;53;Não tem
Argos ComunicaciÃ³n;2017;53;Não tem
Busted!;2018;53;Não tem
Street Food;2019;53;Não tem
A Little Thing Called First Love;2019;53;Não tem
Song Exploder;2020;53;Não tem
Spycraft;2021;53;Não tem
Thieves of the Wood;2020;53;Não tem
Headspace Guide to Meditation;2021;53;Não tem
Record of Grancrest War;2018;53;Não tem
Abyss;2019;53;Não tem
Silver Spoon;2014;53;Não tem
Omniscient;2020;53;Não tem
Creeped Out;2017;53;Não tem
The Worst Witch;2017;53;Não tem
Diablero;2018;53;Não tem
The Daily Life of the Immortal King;2020;53;Não tem
My First First Love;2019;53;Não tem
The Mr. Peabody & Sherman Show;2015;53;Não tem
The Business of Drugs;2020;53;Não tem
Fresh, Fried & Crispy;2021;53;Não tem
Jiva!;2021;53;Não tem
Killer Ratings;2019;53;Não tem
Switched;2018;53;Não tem
Criminal: France;2019;52;Não tem
Bloodride;2020;52;Não tem
Glitch Techs;2020;52;Não tem
Country Comfort;2021;52;Não tem
The Disappearance of Madeleine McCann;2019;52;Não tem
Nobody's Looking;2019;52;Não tem
Inside the World's Toughest Prisons;2016;52;Não tem
Family Reunion;2019;52;Não tem
Borderliner;2017;52;Não tem
Kissing Game;2020;52;Não tem
Neo Yokio;2017;52;Não tem
Crazy Delicious;2020;52;Não tem
Zumbo's Just Desserts;2016;52;Não tem
Bad Guys;2014;52;Não tem
Fireman Sam;1989;52;Não tem
We Are the Wave;2019;52;Não tem
Okupas;2000;52;Não tem
Sword Art Online Alternative: Gun Gale Online;2018;52;Tem
The Haunted Hathaways;2013;52;Não tem
TIGER & BUNNY;2011;52;Tem
The Queen and the Conqueror;2020;52;Não tem
Hoops;2020;52;Não tem
Crime Diaries: The Candidate;2019;52;Não tem
Zac & Mia;2017;52;Tem
Men on a Mission;2015;52;Não tem
Girls Hostel;2018;52;Não tem
Power Rangers Dino Fury;2021;52;Não tem
Broken;2019;52;Não tem
Barney & Friends;1992;52;Não tem
We the People;2021;52;Não tem
The Big Show Show;2020;52;Não tem
Ares;2020;52;Não tem
The Duchess;2020;52;Não tem
Green Frontier;2019;52;Não tem
Nagi no Asukara;2013;52;Não tem
Luna Nera;2020;52;Não tem
Secrets of Great British Castles;2015;52;Não tem
Ridley Jones;2021;52;Não tem
Next in Fashion;2020;52;Não tem
Children of the Whales;2017;52;Não tem
Live;2018;52;Não tem
Hangar 1: The UFO Files;2015;52;Não tem
Valeria;2020;52;Não tem
Girls und Panzer;2012;52;Tem
World's Most Wanted;2020;52;Não tem
The Adventures of Puss in Boots;2015;51;Não tem
MeatEater;2012;51;Não tem
Old Money;2015;51;Não tem
Heartbreak High;1994;51;Não tem
Breakfast, Lunch & Dinner;2019;51;Não tem
Trailer Park Boys: Out of the Park: Europe;2016;51;Não tem
Put Your Head on My Shoulder;2019;51;Não tem
MonzÃ³n: A Knockout Blow;2019;51;Não tem
The Expanding Universe of Ashley Garcia;2020;51;Não tem
Two Sentence Horror Stories;2019;51;Não tem
Shot in the Dark;2017;51;Não tem
Criminal: Spain;2019;51;Não tem
Half & Half;2002;51;Não tem
The Least Expected Day: Inside the Movistar Team 2019;2020;51;Não tem
Nicky, Ricky, Dicky & Dawn;2014;51;Não tem
The Honeymoon Stand Up Special;2018;51;Não tem
BREAK IT ALL: The History of Rock in Latin America;2020;51;Não tem
Rapture;2018;51;Não tem
Chef's Table: France;2016;51;Não tem
Wolverine;2011;51;Não tem
La DoÃ±a;2016;51;Não tem
Accidentally In Love;2018;51;Não tem
Final Fantasy XIV: Dad of Light;2017;51;Não tem
Shadow;2019;51;Não tem
Sugar Rush;2018;51;Não tem
Trash Truck;2020;51;Não tem
The Victims' Game;2020;51;Não tem
Floor is Lava;2020;51;Não tem
Leila;2019;51;Não tem
The Last Kids on Earth;2019;51;Não tem
Behind Enemy Lines;2001;50;Não tem
Dating Around;2019;50;Não tem
Haunted;2018;50;Não tem
Drug Lords;2018;50;Não tem
Jinn;2019;50;Não tem
The Wiggles;1998;50;Não tem
Bling Empire;2021;50;Não tem
The InBESTigators;2019;50;Não tem
Ad Vitam;2018;50;Não tem
Girls Incarcerated;2018;50;Não tem
Bonus Family;2017;50;Não tem
The Club;2019;50;Não tem
Rabbids Invasion;2013;50;Tem
Why Are You Like This?;2021;50;Não tem
Moesha;1996;50;Tem
Ben and Holly's Little Kingdom;2009;50;Não tem
The AlcÃ sser Murders;2019;50;Não tem
Scare Tactics;2003;50;Não tem
(Un)Well;2020;50;Não tem
The Houseboat;2021;50;Não tem
The Stranded;2019;50;Não tem
Chelsea;2016;50;Não tem
Transformers: Rescue Bots;2012;50;Não tem
Stay Here;2018;50;Não tem
Murder Maps;2015;50;Não tem
Filinta: An Ottoman Policeman;2014;50;Não tem
White Rabbit Project;2016;50;Não tem
Mystery Lab;2020;50;Não tem
Supermarket Sweep;1990;50;Tem
Pandemic: How to Prevent an Outbreak;2020;50;Não tem
Autumn's Concerto;2009;50;Não tem
Mobile Suit Gundam Unicorn;2010;50;Não tem
Moving Art;2007;50;Não tem
Bumping Mics with Jeff Ross & Dave Attell;2018;50;Não tem
The Chase;2013;50;Tem
Hardy Bucks;2010;50;Não tem
Hymn of Death;2018;50;Não tem
Ellen DeGeneres: Relatable;2018;49;Não tem
Brews Brothers;2020;49;Não tem
Spirit: Riding Free;2017;49;Não tem
Mismatched;2020;49;Não tem
The Cabin with Bert Kreischer;2020;49;Não tem
Booba;2014;49;Não tem
Instant Hotel;2018;49;Não tem
Dancing Queen;2018;49;Não tem
QB1: Beyond the Lights;2017;49;Não tem
Moving On;2009;49;Não tem
Hache;2019;49;Não tem
Jailbirds;2019;49;Não tem
FIGHTWORLD;2018;49;Não tem
The Hockey Girls;2019;49;Não tem
SWORD GAI: The Animation;2018;49;Não tem
Ask the Storybots;2016;49;Não tem
Black Ink Crew New York;2013;49;Tem
Lunatics;2019;49;Não tem
Angry Birds Toons;2013;49;Não tem
Puffin Rock;2015;49;Não tem
Kid Cosmic;2021;49;Não tem
City of Ghosts;2021;49;Não tem
Unstoppable;2020;49;Tem
Wild Catch / Chasing Monsters;2016;49;Não tem
Molang;2015;49;Tem
Beyblade Burst;2016;49;Não tem
Signs;2018;48;Não tem
The Deep;2016;48;Não tem
Hot Date;2017;48;Não tem
Sparta;2018;48;Não tem
Trolls: The Beat Goes On!;2018;48;Não tem
Atelier;2015;48;Não tem
The Healing Powers of Dude;2020;48;Não tem
Pocoyo;2005;48;Tem
The Cuba Libre Story;2016;48;Não tem
El Chema;2016;48;Não tem
My Little Pony: Equestria Girls;2017;48;Não tem
Love (ft. Marriage and Divorce);2021;48;Não tem
The Royal House of Windsor;2017;48;Não tem
Dealer;2021;48;Não tem
Can You Hear Me?;2019;48;Não tem
1994;2019;48;Não tem
Pac-Man and the Ghostly Adventures;2013;48;Não tem
The Parkers;1999;48;Não tem
Cooked With Cannabis;2020;48;Não tem
Gigantosaurus;2019;48;Não tem
Re:Mind;2017;48;Não tem
The Magic School Bus Rides Again;2017;48;Não tem
The Kirlian Frequency;2019;48;Não tem
Granblue Fantasy: The Animation;2017;48;Não tem
Fated to Love You;2008;48;Tem
Women of the Night;2019;48;Não tem
Dad Stop Embarrassing Me!;2021;48;Não tem
Kuromukuro;2016;48;Não tem
Real Rob;2015;48;Não tem
Prank Encounters;2019;48;Não tem
The Mafia Dolls;2009;48;Não tem
Sintonia;2019;47;Não tem
Examination of Conscience;2019;47;Não tem
The Cat in the Hat Knows a Lot About That!;2010;47;Não tem
AMO;2018;47;Não tem
Super Drags;2018;47;Não tem
Pop Team Epic;2018;47;Não tem
Haunted: Latin America;2021;47;Não tem
Brainchild;2018;47;Não tem
Flavorful Origins;2019;47;Não tem
Record of Youth;2020;47;Não tem
StarBeam;2020;47;Não tem
Fate/Apocrypha;2017;47;Não tem
Yankee;2019;47;Não tem
Dream Home Makeover;2020;47;Não tem
Project McÂ²;2015;47;Não tem
Canine Intervention;2021;47;Não tem
Cagaster of an Insect Cage;2020;47;Não tem
All For Love;2020;47;Não tem
Bill Nye Saves the World;2017;47;Não tem
A.I.C.O. -Incarnation-;2018;47;Não tem
72 Dangerous Animals: Latin America;2017;47;Não tem
Restaurants on the Edge;2020;47;Não tem
El Reemplazante;2012;47;Não tem
BolÃ­var: Una lucha admirable;2019;47;Não tem
The Epic Tales of Captain Underpants;2018;47;Não tem
The Chosen One;2019;47;Não tem
The Piano Forest;2018;47;Não tem
SAINT SEIYA: Knights of the Zodiac;2019;46;Não tem
Timmy Time;2009;46;Não tem
Her Mother's Killer;2020;46;Não tem
Surviving Death;2021;46;Não tem
The House Arrest of Us;2020;46;Não tem
Witch Hunt: A Century of Murder;2015;46;Não tem
Meet the Drug Lords: Inside the Real Narcos;2018;46;Não tem
Gabby's Dollhouse;2021;46;Não tem
Monty Python's Personal Best;2006;46;Não tem
World of Winx;2016;46;Não tem
The Big Day;2021;46;Não tem
Afflicted;2018;46;Não tem
Lost & Found Music Studios;2015;46;Não tem
Minecraft: Story Mode;2018;46;Não tem
The Break with Michelle Wolf;2018;46;Não tem
Beat Bugs;2016;46;Não tem
Transformers: Cyberverse;2018;46;Não tem
Grizzy & the Lemmings;2016;46;Não tem
The Garfield Show;2009;46;Não tem
Abby Hatcher;2018;46;Não tem
Schulz Saves America: Pandemics, Predators, Protests & Presidents;2020;46;Não tem
Dawn of the Croods;2015;46;Não tem
Power Rangers Beast Morphers;2019;45;Não tem
The Big Family Cooking Showdown;2017;45;Não tem
Awake: The Million Dollar Game;2019;45;Não tem
Cheer Squad;2016;45;Não tem
The Way of the Househusband;2021;45;Não tem
Skylanders Academy;2016;45;Não tem
The Fix;2018;45;Não tem
Astronomy Club: The Sketch Show;2019;45;Não tem
Prince of Peoria;2018;45;Não tem
Numberblocks;2017;45;Não tem
Polly Pocket;2018;45;Não tem
All About the Washingtons;2018;45;Não tem
Archibald's Next Big Thing;2019;45;Não tem
All Hail King Julien: Exiled;2017;45;Não tem
Dragons: Rescue Riders;2019;45;Não tem
21 Thunder;2017;45;Não tem
Smoking;2018;45;Não tem
My Only Love Song;2017;45;Não tem
45 RPM;2019;45;Não tem
Amazing Interiors;2018;45;Não tem
72 Dangerous Animals: Asia;2018;45;Não tem
Mia and Me;2012;45;Não tem
Tong: Memories;2016;45;Não tem
Transformers: Robots In Disguise;2015;45;Não tem
Deaf U;2020;45;Não tem
Brotherhood;2019;45;Não tem
Lost Song;2018;45;Não tem
Izzy's Koala World;2020;45;Não tem
True and the Rainbow Kingdom;2017;45;Não tem
Power Rangers Ninja Steel;2017;45;Não tem
LEGO Jurassic World: Legend of Isla Nublar;2019;45;Não tem
Silvana Sin Lana;2016;45;Não tem
Buddy Thunderstruck;2017;45;Não tem
Inside the Criminal Mind;2018;45;Tem
Late Night Restaurant;2015;45;Não tem
Holiday Secrets;2019;44;Não tem
Historical Roasts;2019;44;Não tem
Twelve Forever;2019;44;Não tem
Age of Tanks;2019;44;Não tem
Best Leftovers Ever!;2020;44;Não tem
Rhyme Time Town;2020;44;Não tem
Go Dog Go;2021;44;Não tem
Samantha!;2018;44;Não tem
Mighty Little Bheem;2019;44;Não tem
Horrid Henry;2006;44;Não tem
The Ollie & Moon Show;2017;44;Não tem
Dinotrux;2015;44;Não tem
Some Assembly Required;2014;44;Não tem
Beyblade Burst Rise;2020;44;Não tem
Keeping Up with the Joneses;2010;44;Não tem
Rainbow Rangers;2018;44;Não tem
Dollar;2019;44;Não tem
First and Last;2018;44;Não tem
HjÃ¸rdis;2015;44;Não tem
Buried by the Bernards;2021;44;Não tem
Kevin Hart: Don't F**k This Up;2019;44;Não tem
LEGO City Adventures;2019;44;Não tem
Nature's Weirdest Events;2012;44;Não tem
Dragon Pilot: Hisone and Masotan;2018;44;Não tem
Talking Tom and Friends;2014;44;Não tem
Coach Snoop;2016;44;Não tem
Hero Mask;2018;44;Não tem
Emily's Wonder Lab;2020;44;Não tem
The Ghost Bride;2020;44;Não tem
Chief of Staff;2019;44;Não tem
Three Days of Christmas;2019;44;Não tem
Homemade;2020;44;Não tem
Ingress: The Animation;2018;44;Não tem
Exhibit A;2019;44;Não tem
Apache: La vida de Carlos Tevez;2019;44;Não tem
Home: Adventures with Tip & Oh;2016;43;Não tem
Hotel Transylvania;2017;43;Não tem
The Garden of Heaven;2011;43;Não tem
Barbie Dreamhouse Adventures;2018;43;Não tem
Hidden Worlds;2018;43;Não tem
A Boy Named Flora A;2017;43;Não tem
The Idhun Chronicles;2020;43;Não tem
44 Cats;2018;43;Não tem
72 Dangerous Places to Live;2016;43;Não tem
Turbo FAST;2013;43;Não tem
Legend Quest;2017;43;Não tem
Dinosaur King;2007;43;Não tem
Once Upon a Time in Lingjian Mountain;2019;43;Não tem
Take My Brother Away;2018;43;Não tem
The Rap Game;2016;43;Não tem
Basketball or Nothing;2019;43;Não tem
Go! Go! Cory Carson;2020;43;Não tem
Super Monsters;2017;43;Não tem
How to Ruin Christmas: The Wedding;2020;43;Não tem
ReBoot: The Guardian Code;2018;43;Não tem
Hoff the Record;2015;43;Não tem
Larry Charles' Dangerous World of Comedy;2019;43;Não tem
Triad Princess;2019;43;Não tem
Apaches;2015;43;Não tem
Followers;2020;42;Não tem
13 Reasons Why: Beyond the Reasons;2017;42;Não tem
Cupcake & Dino - General Services;2018;42;Não tem
Ice Fantasy;2016;42;Não tem
Revolutionary Love;2017;42;Não tem
Sunny Bunnies;2015;42;Não tem
Stretch Armstrong & the Flex Fighters;2017;42;Não tem
Simon;2016;42;Não tem
Zig and Sharko;2010;42;Não tem
The Octonauts;2010;42;Não tem
Westside;2018;42;Não tem
Alien TV;2020;42;Não tem
VeggieTales in the City;2017;42;Não tem
Love O2O;2016;42;Não tem
Upin & Ipin;2007;42;Não tem
Follow This;2018;42;Não tem
Living Undocumented;2019;42;Não tem
Fate/Extra Last Encore;2018;42;Não tem
Alphablocks;2010;42;Não tem
Puerta 7;2020;42;Não tem
We Speak Dance;2018;42;Não tem
Racket Boys;2021;42;Não tem
Heidi;2015;42;Não tem
Centaurworld;2021;42;Não tem
Magmel of the Sea Blue;2019;41;Não tem
The Legend of White Snake;2019;41;Não tem
Last Hope;2018;41;Não tem
Death by Magic;2018;41;Não tem
Welcome to the Family;2018;41;Não tem
Motown Magic;2018;41;Não tem
Gormiti;2018;41;Não tem
Takki;2012;41;Não tem
Angelina Ballerina: The Next Steps;2009;41;Não tem
The Casketeers;2018;41;Não tem
Spectros;2020;41;Não tem
My Runway;2016;41;Não tem
LEGO Marvel Avengers: Climate Conundrum;2020;41;Não tem
The Haunted House;2016;40;Não tem
Oddbods (Shorts);2015;40;Não tem
Cleo & Cuquin;2018;40;Não tem
Inspector Gadget;2015;40;Não tem
Magic for Humans Spain;2021;40;Não tem
The Qin Empire;2009;40;Não tem
The Comedy Lineup;2018;40;Não tem
Charlie's Colorforms City;2019;40;Não tem
Cloudy with a Chance of Meatballs;2017;40;Não tem
Absurd Planet;2020;40;Não tem
Mighty Express;2020;40;Não tem
Children of Adam;2020;40;Não tem
Nowhere Man;2019;40;Não tem
Club de Cuervos Presents: The Ballad of Hugo SÃ¡nchez;2018;40;Não tem
Mob Psycho 100;2018;40;Não tem
Lego Bionicle: The Journey to One;2016;40;Não tem
Back Street Girls: Goku Dolls;2018;40;Não tem
The Iliza Shlesinger Sketch Show;2020;40;Não tem
Becoming Champions;2018;40;Não tem
Bakugan: Battle Planet;2018;40;Não tem
The Writer;2019;40;Não tem
Robot Trains;2017;40;Não tem
Pororo the Little Penguin;2003;40;Tem
H2O - Abenteuer Meerjungfrau;2015;40;Não tem
The Fierce Wife;2010;40;Não tem
Eugenie Nights - Ù„ÙŠØ§Ù„ÙŠ Ø£ÙˆØ¬ÙŠÙ†ÙŠ;2018;40;Não tem
Tiny Creatures;2020;40;Não tem
Standup and Away! with Brian Regan;2018;40;Não tem
Black Crows;2018;40;Não tem
Yummy Mummies;2017;40;Não tem
revisions;2019;40;Não tem
Green Door;2019;40;Não tem
Million Dollar Beach House;2020;40;Não tem
I Hear You;2019;40;Não tem
Littlest Pet Shop: A World of Our Own;2018;39;Não tem
Spy Kids: Mission Critical;2018;39;Não tem
Dino Girl Gauko;2019;39;Não tem
Hasmukh;2020;39;Não tem
Here to Heart;2018;39;Não tem
The Good Bandit;2019;39;Não tem
Wait, My Youth;2019;39;Não tem
Locombianos;2021;39;Não tem
Rainbow Ruby;2016;39;Não tem
Justin Time;2011;39;Não tem
Fugitiva;2018;39;Não tem
Flinch;2019;39;Não tem
Larva;2011;39;Não tem
StoryBots Super Songs;2016;39;Não tem
VeggieTales In The House;2014;39;Não tem
LEGO Jurassic World: The Secret Exhibit;2018;39;Não tem
Strong;2016;39;Não tem
The American Bible Challenge;2012;39;Não tem
GAME ON: A Comedy Crossover Event;2020;39;Não tem
ID-0;2017;39;Não tem
Tijuana;2019;39;Não tem
Dinotrux: Supercharged;2017;39;Não tem
The Jungle Book;2010;39;Não tem
Rhyme Time Town Singalongs;2020;39;Não tem
Transformers: Rescue Bots Academy;2019;39;Não tem
Noddy, Toyland Detective;2016;39;Não tem
Ricky Zoom;2019;39;Não tem
Popples;1986;39;Não tem
Edgar Rice Burroughs' Tarzan and Jane;2017;39;Não tem
Chico Bon Bon: Monkey with a Tool Belt;2020;39;Não tem
Boca Juniors Confidential;2018;38;Não tem
ZOIDS WILD;2018;38;Não tem
Holiday Home Makeover with Mr. Christmas;2020;38;Não tem
Nailed It! Mexico;2019;38;Não tem
Cabins in the Wild with Dick Strawbridge;2017;38;Não tem
Best.Worst.Weekend.Ever.;2018;38;Não tem
Fangbone!;2016;38;Não tem
Pinky Malinky;2019;38;Não tem
Extreme Engagement;2019;38;Não tem
Care Bears and Cousins;2015;38;Não tem
The In-Laws;2003;38;Não tem
Hong Kong West Side Stories;2019;38;Não tem
Life Plan A and B;2017;38;Não tem
Empire Games;2018;38;Não tem
J-Style Trip;2020;37;Não tem
Kong: King of the Apes;2016;37;Não tem
Word Party;2016;37;Não tem
Power Players;2019;37;Não tem
The Outsiders;2004;37;Não tem
Nailed It! France;2019;37;Não tem
Richie Rich;2015;37;Não tem
Justice;2019;37;Não tem
Bookmarks: Celebrating Black Voices;2020;37;Não tem
Meet the Adebanjos;2012;37;Não tem
LEGO Friends: The Power of Friendship;2016;36;Não tem
True Tunes;2019;36;Não tem
Dreamworks Spooky Stories;2012;36;Não tem
Little Baby Bum: Nursery Rhyme Friends;2016;36;Não tem
28 Faces of the Moon;2016;36;Não tem
Harvey Street Kids;2018;36;Não tem
Buddi;2020;36;Não tem
Edha;2018;36;Não tem
The Degenerates;2018;36;Não tem
Chasing Cameron;2016;36;Não tem
Chip and Potato;2018;36;Não tem
YG Future Strategy Office;2018;35;Não tem
Kid-E-Cats;2017;35;Não tem
Bo on the Go!;2007;35;Não tem
Ð¢Ð¾Ð±Ð¾Ñ‚;2010;35;Não tem
In The Bosom of a Thorn;2019;35;Não tem
YooHoo to the Rescue;2019;35;Não tem
Styling Hollywood;2019;35;Não tem
Trotro;2006;35;Não tem
Masha's Spooky Stories;2014;35;Não tem
The Goop Lab;2020;35;Não tem
Kulipari: An Army of Frogs;2016;35;Não tem
Happy Jail;2019;34;Não tem
Luo Bao Bei;2018;34;Não tem
Lavender;2001;34;Não tem
KO One;2005;34;Não tem
Kulipari: Dream Walker;2018;34;Não tem
K.O.3an Guo;2009;34;Não tem
Morphle;2019;34;Tem
Hello Ninja;2019;34;Não tem
Llama Llama;2018;33;Não tem
Part-Time Idol;2017;33;Não tem
The Sound of Your Heart: Reboot;2018;33;Não tem
Ponysitters Club;2018;33;Não tem
Bottersnikes & Gumbles;2016;32;Não tem
Shopkins;2014;32;Não tem
Dennis & Gnasher Unleashed!;2017;31;Não tem
Luna Petunia Return to Amazia;2018;31;Não tem
Luna Petunia;2016;31;Não tem
Jimmy: The True Story of a True Idiot;2018;31;Não tem
Jusqu'Ã  l'Aube;2020;31;Não tem
Droppin' Cash: Los Angeles;2018;30;Não tem
Robozuna;2018;30;Não tem
Lucky Days;2010;30;Não tem
Stunt Science;2018;30;Não tem
Bangkok Buddies;2019;29;Não tem
The Year of Happiness and Love;2009;29;Não tem
Kibaoh Klashers;2017;27;Não tem
Rick and Morty;2013;100;Tem
Seinfeld;1989;93;Tem
Vikings;2013;92;Tem
Fargo;2014;92;Tem
Brooklyn Nine-Nine;2013;92;Tem
Lost;2004;91;Tem
Parks and Recreation;2009;91;Tem
The Simpsons;1989;91;Tem
It's Always Sunny in Philadelphia;2005;90;Tem
Firefly;2002;90;Tem
My Hero Academia;2016;90;Tem
How I Met Your Mother;2005;90;Tem
Modern Family;2009;90;Tem
The Handmaid's Tale;2017;90;Tem
Twin Peaks;1990;89;Tem
Homeland;2011;89;Tem
Gravity Falls;2012;88;Tem
Futurama;1999;88;Tem
Sons of Anarchy;2008;88;Tem
The X-Files;1993;87;Tem
Line of Duty;2012;87;Tem
Justified;2010;87;Tem
This Is Us;2016;87;Tem
Freaks and Geeks;1999;87;Tem
Prison Break;2005;87;Tem
Scrubs;2001;87;Tem
What We Do in the Shadows;2019;87;Tem
Archer;2009;86;Tem
Killing Eve;2018;86;Tem
Adventure Time;2010;86;Tem
24;2001;86;Tem
The Twilight Zone;1959;86;Tem
Buffy the Vampire Slayer;1997;86;Tem
White Collar;2009;85;Tem
Teen Wolf;2011;85;Tem
The Shield;2002;85;Tem
Bob's Burgers;2011;85;Tem
30 Rock;2006;84;Tem
Legion;2017;84;Tem
Atlanta;2016;84;Tem
The Office;2001;84;Tem
Frasier;1993;83;Tem
Pretty Little Liars;2010;83;Tem
Mr Inbetween;2018;83;Tem
Friday Night Lights;2006;83;Tem
Taboo;2017;83;Tem
Pride and Prejudice;1995;83;Tem
Normal People;2020;83;Tem
Black Sails;2014;83;Tem
Elementary;2012;83;Tem
Veronica Mars;2004;83;Tem
11.22.63;2016;83;Tem
Nathan For You;2013;82;Tem
Mr. Bean;1990;82;Tem
Bones;2005;82;Tem
The Killing;2011;82;Tem
Naruto ShippÅ«den;2007;82;Tem
Burn Notice;2007;82;Tem
Cosmos;2014;82;Tem
Family Guy;1999;82;Tem
Cheers;1982;82;Tem
DAVE;2020;82;Tem
Misfits;2009;81;Tem
Peep Show;2003;81;Tem
Criminal Minds;2005;81;Tem
Superstore;2015;81;Tem
Lie to Me;2009;81;Tem
The Orville;2017;80;Tem
Preacher;2016;80;Tem
12 Monkeys;2015;80;Tem
Dirk Gently's Holistic Detective Agency;2016;80;Tem
Smallville;2001;80;Tem
RuPaul's Drag Race;2009;80;Tem
Fear the Walking Dead;2015;80;Tem
Love, Victor;2020;80;Tem
Cowboy Bebop;1998;80;Tem
Blue Bloods;2010;80;Tem
Inside No. 9;2014;80;Tem
Parenthood;2010;79;Tem
Desperate Housewives;2004;79;Tem
Broad City;2014;79;Tem
Boston Legal;2004;79;Tem
Revenge;2011;79;Tem
Samurai Champloo;2004;79;Tem
Workaholics;2011;79;Tem
The Act;2019;79;Tem
The Fosters;2013;79;Tem
Younger;2015;79;Tem
The Good Doctor;2017;79;Tem
Terminator: The Sarah Connor Chronicles;2008;79;Tem
Angel;1999;79;Tem
36900;2018;79;Tem
Snowfall;2017;78;Tem
The Venture Bros.;2004;78;Tem
The Strain;2014;78;Tem
The Terror;2018;78;Tem
Zoey's Extraordinary Playlist;2020;78;Tem
The League;2009;78;Tem
Key & Peele;2012;78;Tem
Malcolm in the Middle;2000;78;Tem
Dollhouse;2009;78;Tem
The Great;2020;78;Tem
My Name Is Earl;2005;78;Tem
Scandal;2012;78;Tem
Motherland: Fort Salem;2020;78;Tem
Awkward.;2011;78;Tem
Raising Hope;2010;78;Tem
Law & Order: Special Victims Unit;1999;78;Tem
Castle Rock;2018;77;Tem
The Last Ship;2014;77;Tem
Cruel Summer;2021;77;Tem
Chicago Fire;2012;77;Tem
Better Off Ted;2009;77;Tem
Prodigal Son;2019;77;Tem
Timeless;2016;77;Tem
Devs;2020;77;Tem
You're the Worst;2014;77;Tem
Elfen Lied;2004;77;Tem
Please Like Me;2013;77;Tem
Lethal Weapon;2016;77;Tem
The Last Man on Earth;2015;77;Tem
TRIGUN;1998;77;Tem
My So-Called Life;1994;76;Tem
Little Fires Everywhere;2020;76;Tem
The Librarians;2014;76;Tem
In the Flesh;2013;76;Tem
The Exorcist;2016;76;Tem
American Dad!;2005;76;Tem
Ramy;2019;76;Tem
Chicago P.D.;2014;76;Tem
Stargate Atlantis;2004;76;Tem
Marvel's Runaways;2017;76;Tem
Rescue Me;2004;76;Tem
Shadowhunters;2016;76;Tem
Everybody Hates Chris;2005;76;Tem
Stargate Universe;2009;76;Tem
PEN15;2019;76;Tem
My Mad Fat Diary;2013;76;Tem
RuPaul's Drag Race All Stars;2012;76;Tem
The Gifted;2017;75;Tem
Future Man;2017;75;Tem
Prime Suspect;1991;75;Tem
Better Things;2016;75;Tem
Sleepy Hollow;2013;75;Tem
Regular Show;2010;75;Tem
M*A*S*H;1972;75;Tem
Top of the Lake;2013;75;Tem
Switched at Birth;2011;75;Tem
Wayward Pines;2015;75;Tem
Saturday Night Live;1975;75;Tem
Dragon Ball Super;2015;75;Tem
Fresh Off the Boat;2015;75;Tem
The Mighty Boosh;2004;75;Tem
Cardinal;2017;74;Tem
Absolutely Fabulous;1992;74;Tem
Letterkenny;2016;74;Tem
Scream Queens;2015;74;Tem
Wilfred;2011;74;Tem
Deutschland;2015;74;Tem
Empire;2015;74;Tem
Brockmire;2017;74;Tem
The Unit;2006;74;Tem
Genius;2017;74;Tem
Mayans M.C.;2018;74;Tem
black-ish;2014;74;Tem
CSI: Crime Scene Investigation;2000;74;Tem
Tokyo Ghoul;2014;74;Tem
MythBusters;2003;74;Tem
Don't Trust the B---- in Apartment 23;2012;74;Tem
Sailor Moon;1992;74;Tem
One Tree Hill;2003;74;Tem
Nip/Tuck;2003;74;Tem
Looking for Alaska;2019;74;Tem
New Amsterdam;2018;74;Tem
The Golden Girls;1985;74;Tem
Cougar Town;2009;73;Tem
The Purge;2018;73;Tem
Catch-22;2019;73;Tem
The Rookie;2018;73;Tem
Married... with Children;1987;73;Tem
The Looming Tower;2018;73;Tem
Blindspot;2015;73;Tem
Steven Universe;2013;73;Tem
Nashville;2012;73;Tem
Salem;2014;73;Tem
The Mindy Project;2012;73;Tem
Mrs. America;2020;73;Tem
The Middle;2009;73;Tem
Roseanne;1988;73;Tem
Black Clover;2017;73;Tem
Witches of East End;2013;73;Tem
Whitechapel;2009;73;Tem
Stumptown;2019;73;Tem
I Love Lucy;1951;72;Tem
Harlots;2017;72;Tem
UnREAL;2015;72;Tem
The Wonder Years;1988;72;Tem
Graceland;2013;72;Tem
Anthony Bourdain: No Reservations;2005;72;Tem
Ugly Betty;2006;72;Tem
Marvel's Cloak & Dagger;2018;72;Tem
The Bold Type;2017;72;Tem
The Resident;2018;72;Tem
Dragon Ball;1996;72;Tem
The Goldbergs;2013;72;Tem
Terriers;2010;72;Tem
American Horror Stories;2021;72;Tem
ER;1994;72;Tem
Fairy Tail;2009;72;Tem
Bunheads;2012;72;Tem
High Fidelity;2020;72;Tem
Horace and Pete;2016;72;Tem
The Amazing World of Gumball;2011;71;Tem
Blackadder;1983;71;Tem
Hell's Kitchen;2005;71;Tem
Robot Chicken;2005;71;Tem
People of Earth;2016;71;Tem
Boruto: Naruto Next Generations;2017;71;Tem
The Musketeers;2014;71;Tem
Sesame Street;1969;71;Tem
Shrill;2019;71;Tem
LEGO Masters;2020;71;Tem
Good Behavior;2016;71;Tem
Murdoch Mysteries;2008;71;Tem
Full House;1987;71;Tem
Mom;2013;71;Tem
Will & Grace;1998;71;Tem
King of the Hill;1997;71;Tem
Doc Martin;2004;71;Tem
Impractical Jokers;2011;71;Tem
Debris;2021;71;Tem
Solar Opposites;2020;70;Tem
Trust;2018;70;Tem
SIX;2017;70;Tem
Last Man Standing;2011;70;Tem
Body of Proof;2011;70;Tem
The Hitchhiker's Guide to the Galaxy;1981;70;Tem
Afro Samurai;2007;70;Tem
S.W.A.T.;2017;70;Tem
A Million Little Things;2018;70;Tem
For Life;2020;70;Tem
Battlestar Galactica;1978;70;Tem
Alfred Hitchcock Presents;1955;70;Tem
Flashpoint;2008;70;Tem
The Detour;2016;70;Tem
Greek;2007;70;Tem
Casual;2015;70;Tem
Mary Kills People;2017;70;Tem
Mushi-Shi;2005;70;Tem
Baskets;2016;70;Tem
Touch;2012;70;Tem
Rurouni Kenshin;1996;70;Tem
Big Sky;2020;70;Tem
The Wrong Mans;2013;70;Tem
Chance;2016;69;Tem
The Split;2018;69;Tem
Make It or Break It;2009;69;Tem
Das Boot;2018;69;Tem
Legit;2013;69;Tem
Breeders;2020;69;Tem
Queen Sugar;2016;69;Tem
Drake & Josh;2004;69;Tem
MasterChef;2010;69;Tem
Young Rock;2021;69;Tem
The Eric Andre Show;2012;69;Tem
Animaniacs;1993;69;Tem
Man Seeking Woman;2015;69;Tem
Pretty Little Liars: The Perfectionists;2019;69;Tem
Yu Yu Hakusho;1992;69;Tem
Lodge 49;2018;69;Tem
I Am the Night;2019;69;Tem
Hey Arnold!;1996;69;Tem
NOS4A2;2019;69;Tem
The Glades;2010;69;Tem
The Bridge;2013;69;Tem
Underground;2016;69;Tem
A Teacher;2020;69;Tem
Danny Phantom;2004;69;Tem
Sliders;1995;69;Tem
30 for 30;2009;69;Tem
Life in Pieces;2015;69;Tem
The Amazing Race;2001;68;Tem
Pitch;2016;68;Tem
Numb3rs;2005;68;Tem
Roswell;1999;68;Tem
Tyrant;2014;68;Tem
Legends;2014;68;Tem
Angie Tribeca;2016;68;Tem
FLCL;2000;68;Tem
Rugrats;1991;68;Tem
Fosse/Verdon;2019;68;Tem
Assassination Classroom;2015;68;Tem
Top Chef;2006;68;Tem
Ghost Whisperer;2005;68;Tem
Darker than Black;2007;68;Tem
Kaguya-sama: Love is War;2019;68;Tem
Ally McBeal;1997;68;Tem
Everything's Gonna Be Okay;2020;68;Tem
Psycho-Pass;2012;68;Tem
The Powerpuff Girls;1998;68;Tem
Beverly Hills, 90210;1990;68;Tem
Friday Night Dinner;2011;68;Tem
Wu-Tang: An American Saga;2019;68;Tem
Hellsing Ultimate;2006;68;Tem
Claws;2017;68;Tem
Marvel's M.O.D.O.K.;2021;68;Tem
Shark Tank;2009;68;Tem
Ghost Adventures;2008;67;Tem
Miranda;2009;67;Tem
Making It;2018;67;Tem
The Son;2017;67;Tem
10 Things I Hate About You;2009;67;Tem
Good Trouble;2019;67;Tem
Ben 10;2005;67;Tem
The Mick;2017;67;Tem
WWE Raw;1993;67;Tem
Party of Five;1994;67;Tem
Overlord;2015;67;Tem
The Path;2016;67;Tem
Descendants of the Sun;2016;67;Tem
Single Parents;2018;67;Tem
Deadliest Catch;2005;67;Tem
Gangland Undercover;2015;67;Tem
ThunderCats;1985;67;Tem
Shiki;2010;67;Tem
Rascal Does Not Dream of Bunny Girl Senpai;2018;67;Tem
Jane Eyre;2006;67;Tem
Kitchen Nightmares;2007;67;Tem
Devious Maids;2013;67;Tem
My Wife and Kids;2001;67;Tem
Star vs. the Forces of Evil;2015;67;Tem
Dark Side of the Ring;2019;67;Tem
High School DxD;2012;67;Tem
Transplant;2020;67;Tem
Apple Tree Yard;2017;67;Tem
9-1-1: Lone Star;2020;67;Tem
Fruits Basket;2019;66;Tem
Siren;2018;66;Tem
Holey Moley;2019;66;Tem
Diabolik Lovers;2013;66;Tem
Baby Daddy;2012;66;Tem
Digimon Adventure;1999;66;Tem
The Long Road Home;2017;66;Tem
Black Lagoon;2006;66;Tem
Taken;2017;66;Tem
Walker;2021;66;Tem
Catfish: The TV Show;2012;66;Tem
Treadstone;2019;66;Tem
The Incredible Hulk;1977;66;Tem
Sabrina, the Teenage Witch;1996;66;Tem
X-Men: Evolution;2000;66;Tem
Death Parade;2015;66;Tem
NEXT;2020;66;Tem
The Pink Panther;1964;66;Tem
Golden Time;2013;66;Tem
Dollface;2019;66;Tem
Taxi;1978;66;Tem
Being Mary Jane;2014;66;Tem
Drunk History;2013;65;Tem
Twisted;2013;65;Tem
Brothers and Sisters;2006;65;Tem
Breakout Kings;2011;65;Tem
Scott & Bailey;2011;65;Tem
Little Britain;2003;65;Tem
Law & Order: Organized Crime;2021;65;Tem
Pinky and the Brain;1995;65;Tem
Ergo Proxy;2006;65;Tem
Noragami;2014;65;Tem
Primeval;2007;65;Tem
Face Off;2011;65;Tem
Love Island;2015;65;Tem
Highlander: The Series;1992;65;Tem
Prison School;2015;65;Tem
Good Luck Charlie;2010;65;Tem
Medium;2005;65;Tem
Fire Force;2019;65;Tem
Second Chance;2016;65;Tem
American Housewife;2016;65;Tem
The First;2018;65;Tem
Reprisal;2019;65;Tem
Mushoku Tensei: Jobless Reincarnation;2021;64;Tem
The Kids Are Alright;2018;64;Tem
Remington Steele;1982;64;Tem
Saved by the Bell;1989;64;Tem
The Fades;2011;64;Tem
My Teen Romantic Comedy SNAFU;2013;64;Tem
Station 19;2018;64;Tem
New Tricks;2003;64;Tem
The Mary Tyler Moore Show;1970;64;Tem
Hill Street Blues;1981;64;Tem
Monster Musume: Everyday Life with Monster Girls;2015;64;Tem
The Conners;2018;64;Tem
NYPD Blue;1993;64;Tem
CSI: Miami;2002;64;Tem
Metalocalypse;2006;64;Tem
America's Got Talent;2006;64;Tem
Fixer Upper;2013;64;Tem
DCI Banks;2011;64;Tem
The Future Diary;2011;64;Tem
Childrens Hospital;2008;64;Tem
The First 48;2004;64;Tem
Chopped;2009;64;Tem
Sense and Sensibility;2008;64;Tem
House Hunters;1999;64;Tem
Teenage Mutant Ninja Turtles;2012;64;Tem
Monogatari;2009;64;Tem
Clique;2017;63;Tem
Atlantis;2013;63;Tem
Travel Man: 48 Hours in...;2015;63;Tem
Chowder;2007;63;Tem
The Hardy Boys;2020;63;Tem
Shots Fired;2017;63;Tem
The Familiar of Zero;2006;63;Tem
The Brady Bunch;1969;63;Tem
Four Weddings and a Funeral;2019;63;Tem
Hamilton's Pharmacopeia;2016;63;Tem
The New York Times Presents;2020;63;Tem
What's Wrong with Secretary Kim;2018;63;Tem
The Great North;2021;63;Tem
The Ultimate Fighter;2005;63;Tem
Tiny Toon Adventures;1990;63;Tem
Foster's Home for Imaginary Friends;2004;63;Tem
The Tonight Show Starring Jimmy Fallon;2014;63;Tem
Barkskins;2020;63;Tem
River Monsters;2009;63;Tem
The Dick Van Dyke Show;1961;63;Tem
Yu-Gi-Oh! GX;2004;63;Tem
Highschool of the Dead;2010;63;Tem
The Marvelous Misadventures of Flapjack;2008;63;Tem
Difficult People;2015;63;Tem
Reba;2001;63;Tem
The Event;2010;62;Tem
American Gothic;1995;62;Tem
Garfield and Friends;1988;62;Tem
Home Economics;2021;62;Tem
Clannad After Story;2009;62;Tem
Bless This Mess;2019;62;Tem
Horrible Histories;2009;62;Tem
grown-ish;2018;62;Tem
Duncanville;2020;62;Tem
The Guest Book;2017;62;Tem
Speechless;2016;62;Tem
Intervention;2005;62;Tem
K.C. Undercover;2015;62;Tem
The Three Stooges;1934;62;Tem
Dragon Ball GT;1996;62;Tem
Melissa & Joey;2010;62;Tem
The Bob Newhart Show;1972;62;Tem
General Hospital;1963;62;Tem
Lupin the Third;1971;62;Tem
Charlotte;2015;62;Tem
Mr. Mayor;2021;62;Tem
Murder in the First;2014;62;Tem
Jersey Shore: Family Vacation;2018;62;Tem
Family Matters;1989;62;Tem
24: Legacy;2017;62;Tem
American Ninja Warrior;2009;62;Tem
Seraph of the End;2015;62;Tem
Brickleberry;2012;62;Tem
Ghosted;2017;62;Tem
Saving Hope;2012;62;Tem
Married at First Sight;2014;61;Tem
The Voice;2011;61;Tem
Wings;1990;61;Tem
American Pickers;2010;61;Tem
Nightwatch;2015;61;Tem
Gold Rush;2010;61;Tem
The Riches;2007;61;Tem
Lark Rise to Candleford;2008;61;Tem
Stan Against Evil;2016;61;Tem
Homicide Hunter: Lt Joe Kenda;2011;61;Tem
RuPaul's Drag Race: Untucked;2010;61;Tem
The Carmichael Show;2015;61;Tem
Moone Boy;2012;61;Tem
Tyler Perry's The Haves and the Have Nots;2013;61;Tem
Perfect Strangers;1986;61;Tem
The Practice;1997;61;Tem
Light as a Feather;2018;61;Tem
Burden of Truth;2018;61;Tem
Mister Ed;1961;61;Tem
Kamisama Kiss;2012;61;Tem
Mike Tyson Mysteries;2014;61;Tem
American Gladiators;1988;61;Tem
My Life as a Teenage Robot;2003;60;Tem
Felicity;1998;60;Tem
Expedition Unknown;2015;60;Tem
Rosewood;2015;60;Tem
The Guardian;2001;60;Tem
Jeremiah;2002;60;Tem
The Secret of Skinwalker Ranch;2020;60;Tem
Dharma & Greg;1997;60;Tem
The Real Housewives of Beverly Hills;2010;60;Tem
The Fall Guy;1981;60;Tem
Sealab 2021;2000;60;Tem
The Incredible Dr. Pol;2011;60;Tem
Whose Line Is It Anyway? (UK);1988;60;Tem
The Fruit of Grisaia;2014;60;Tem
St. Elsewhere;1982;60;Tem
Ben 10: Omniverse;2012;60;Tem
Naked and Afraid;2013;60;Tem
Woke;2020;60;Tem
Mr. Pickles;2014;60;Tem
The Moodys;2019;60;Tem
Being Erica;2009;60;Tem
Dual Survival;2010;60;Tem
Dimension 404;2017;60;Tem
Diff'rent Strokes;1978;60;Tem
Bad Banks;2018;60;Tem
Kojak;1973;60;Tem
Robin of Sherwood;1984;60;Tem
Ranma Â½;1989;60;Tem
McLeod's Daughters;2001;60;Tem
Life Below Zero;2013;60;Tem
mixed-ish;2019;60;Tem
Mountain Men;2012;60;Tem
Baywatch;1989;60;Tem
Shut Eye;2016;59;Tem
Dietland;2018;59;Tem
Yona of the Dawn;2014;59;Tem
The Hustler;2021;59;Tem
Man v. Food;2008;59;Tem
Teen Titans Go!;2013;59;Tem
Designing Women;1986;59;Tem
Into the Dark;2018;59;Tem
Mobile Suit Gundam Wing;2000;59;Tem
Damien;2016;59;Tem
Mistresses;2013;59;Tem
The Lord of the Skies;2013;59;Tem
Snow White with the Red Hair;2015;59;Tem
The Masked Singer;2019;59;Tem
Danganronpa: The Animation;2013;59;Tem
Hellsing;2001;59;Tem
Fate/stay night;2006;59;Tem
Uncle;2014;59;Tem
Deadly Women;2005;59;Tem
Ironside;1967;59;Tem
D.Gray-man;2006;59;Tem
Space Dandy;2014;59;Tem
Songland;2019;59;Tem
Running Wild with Bear Grylls;2014;59;Tem
Living Single;1993;59;Tem
My 600-lb Life;2012;59;Tem
Naked and Afraid XL;2015;59;Tem
Popeye the Sailor;1960;59;Tem
The Thundermans;2013;59;Tem
90 Day FiancÃ©;2014;59;Tem
Duck Dynasty;2012;59;Tem
No Man's Land;2020;59;Tem
Upstairs Downstairs;2010;59;Tem
The Bastard Executioner;2015;59;Tem
The Food That Built America;2019;59;Tem
Star;2016;59;Tem
Saving Grace;2007;59;Tem
Full Metal Panic!;2002;58;Tem
America's Funniest Home Videos;1989;58;Tem
Log Horizon;2013;58;Tem
Son of Zorn;2016;58;Tem
Him & Her;2010;58;Tem
World Trigger;2014;58;Tem
Clarence;2014;58;Tem
Kenan;2021;58;Tem
Mayo Chiki!;2011;58;Tem
Haven't You Heard? I'm Sakamoto;2016;58;Tem
Hard Sun;2018;58;Tem
Dance Moms;2011;58;Tem
Gordon Ramsay's 24 Hours to Hell and Back;2018;58;Tem
X Company;2015;58;Tem
Step by Step;1991;58;Tem
Housebroken;2021;58;Tem
Jimmy Kimmel Live!;2003;58;Tem
The Cleveland Show;2009;58;Tem
Dice;2016;58;Tem
Primeval: New World;2012;58;Tem
7th Heaven;1996;58;Tem
Cutthroat Kitchen;2013;58;Tem
Married;2014;58;Tem
Land of Honor;2014;58;Tem
The UnXplained;2019;58;Tem
Deadbeat;2014;58;Tem
Alone Together;2018;58;Tem
Chivalry of a Failed Knight;2015;58;Tem
Intruders;2014;58;Tem
Kimi ni Todoke: From Me to You;2009;58;Tem
WWE Friday Night SmackDown;1999;58;Tem
Coronation Street;1960;58;Tem
Dirty Sexy Money;2007;58;Tem
Kenichi: The Mightiest Disciple;2006;58;Tem
Archangel;2005;58;Tem
Persona 4 The Animation;2011;58;Tem
Melrose Place;1992;57;Tem
SHIMONETA: A Boring World Where the Concept of Dirty Jokes Doesn't Exist;2015;57;Tem
Restaurant: Impossible;2011;57;Tem
Alias Smith and Jones;1971;57;Tem
Justice League Action;2016;57;Tem
Packed to the Rafters;2008;57;Tem
Oh My Venus;2015;57;Tem
Banished;2015;57;Tem
Bizarre Foods with Andrew Zimmern;2006;57;Tem
Blood Blockade Battlefront;2015;57;Tem
Curious George;2006;57;Tem
Guilty Crown;2011;57;Tem
Outlaw Star;1998;57;Tem
The Real Housewives of New York City;2008;57;Tem
Storage Wars;2010;57;Tem
Bluff City Law;2019;57;Tem
Bad Girls Club;2006;57;Tem
McHale's Navy;1962;57;Tem
Doogie Howser, M.D.;1989;57;Tem
House Hunters International;2006;57;Tem
Shark;2006;57;Tem
Sasquatch;2021;57;Tem
The Electric Company;1971;57;Tem
Akudama Drive;2020;57;Tem
Love & Hip Hop Atlanta;2012;57;Tem
Alaska: The Last Frontier;2011;57;Tem
Sonic Boom;2014;57;Tem
Graves;2016;57;Tem
Locked Up Abroad;2008;56;Tem
School Rumble;2004;56;Tem
Princess Tutu;2002;56;Tem
Date a Live;2013;56;Tem
Devil May Cry;2007;56;Tem
MasterChef Junior;2013;56;Tem
Utopia Falls;2020;56;Tem
Fear Factor;2001;56;Tem
Hellevator;2015;56;Tem
Aesthetica of a Rogue Hero;2012;56;Tem
Drugs, Inc.;2010;56;Tem
Pure;2017;56;Tem
Dr. Pimple Popper;2018;56;Tem
The Biggest Loser;2004;56;Tem
Filthy Rich;2020;56;Tem
Grimgar of Fantasy and Ash;2016;56;Tem
Bless the Harts;2019;56;Tem
Celebrity Family Feud;2008;56;Tem
xxxHOLiC;2006;56;Tem
Paradox;2009;56;Tem
Worst Cooks in America;2010;56;Tem
Keeping Up with the Kardashians;2007;56;Tem
Blossom;1990;56;Tem
Taste the Nation with Padma Lakshmi;2020;56;Tem
Digimon Tamers;2001;56;Tem
BOFURI: I Donâ€™t Want to Get Hurt, so Iâ€™ll Max Out My Defense.;2020;56;Tem
Cake Boss;2009;56;Tem
Tyler Perry's If Loving You Is Wrong;2014;56;Tem
Plastic Memories;2015;56;Tem
Love It or List It;2008;56;Tem
Dragnet;1967;56;Tem
Say "I Love You.";2012;56;Tem
Rev.;2010;56;Tem
Axe Cop;2013;56;Tem
The Secret Life of the American Teenager;2008;55;Tem
Extreme Ghostbusters;1997;55;Tem
OK K.O.! Let's Be Heroes;2017;55;Tem
é ­æ–‡å­—D First Stage;1998;55;Tem
The Firm;2012;55;Tem
The Titan Games;2019;55;Tem
Attack on Titan: Junior High;2015;55;Tem
To Love-Ru;2008;55;Tem
Rosario + Vampire;2008;55;Tem
All Saints;1998;55;Tem
Fast N' Loud;2012;55;Tem
Upper Middle Bogan;2013;55;Tem
Toilet-Bound Hanako-kun;2020;55;Tem
Barbarians Rising;2016;55;Tem
Silk Stalkings;1991;55;Tem
Match Game;1973;55;Tem
The Most Dangerous Animal of All;2020;55;Tem
Arifureta: From Commonplace to World's Strongest;2019;55;Tem
Renegade;1992;55;Tem
Disappeared;2009;55;Tem
My Favorite Martian;1963;55;Tem
Wise Manâ€™s Grandchild;2019;55;Tem
The Slap;2015;55;Tem
90 Day FiancÃ©: Before the 90 Days;2017;55;Tem
Love Thy Neighbor;2013;55;Tem
Infinite Stratos;2011;55;Tem
A Certain Scientific Railgun;2009;55;Tem
Taggart;1983;55;Tem
Call Me Kat;2021;55;Tem
My Love Story!!;2015;55;Tem
Digimon Adventure:;2020;55;Tem
City Homicide;2007;55;Tem
Spartan: Ultimate Team Challenge;2016;38;Tem
